id;serie;popolo;nome;foto;video_rot;video_gim1;video_gim2;video_gim3;foto_ogg;nome_ogg;fronte_carta;retro_carta;descrizione;provenienza;collezione_standard;personaggio_posseduto;accessorio_posseduto;carta_posseduta
1;I Serie;Popolo della Terra;Gheos;gheos_s1_prova.png;;;;;;;gheos_s1.png;retro_s1.png;GHEOS, IL SIGNORE DELLA POTENZA|Il Primogenito… Lui “era” quando ancora niente esisteva!|Silenzioso, saggio e riservato.|La sua potenza è la più grande, il suo maglio devastante!;Bustina Giocheria|Blister;1;0;0;0
2;I Serie;Popolo della Terra;Trematerra;trematerra_s1_prova.png;;;;;;;trematerra_s1.png;retro_s1.png;IL TREMATERRA|”…il suo pugno si abbatte come un terremoto…”|Così cantano le canzoni popolari!|Gentile e silenzioso… è meglio però non farlo arrabbiare…;Bustina Giocheria|Blister;1;0;0;0
3;I Serie;Popolo della Terra;Schienacciaio;schienacciao_s1_prova.png;;;;;;;schienacciaio_s1.png;retro_s1.png;SCHIENACCIAIO|Il burlone del villaggio… Tenero con i cuccioli quanto implacabile col nemico!|Per difendersi si accuccia per terra diventando una vera e propria sfera d’acciaio (grazie alla sua schiena);Bustina Giocheria|Blister;1;0;0;0
4;I Serie;Popolo della Terra;Furia Cieca;furiacieca_s1_prova.png;;;;;;;furiacieca_s1.png;retro_s1.png;FURIA CIECA!I suoi occhi non vedono più… vive nell’oscurità…|Percepisce il mondo solo attraverso le sue antenne magiche che ha sulla testa. La sua rabbia distruttrice non conosce confini!;Bustina Giocheria|Blister;1;0;0;0
5;I Serie;Popolo della Terra;Gravitus;gravitus_s1_prova.png;;;;;;;gravitus_s1.png;retro_s1.png;GRAVITUS IL FORTE|Quando era cucciolo voleva diventare come Gheos… Non c’è riuscito ma la sua forza è diventata leggenda!;Bustina Giocheria|Blister;1;0;0;0
6;I Serie;Popolo della Terra;Talps;talps_s1_prova.png;;;;;;;talps_s1.png;retro_s1.png;TALPS LO SCAVABUCHE|Quando combatti con lui, devi guardarti intorno… non sei mai al sicuro… Ricordati!|Guardati sempre alle spalle, perché Talps può apparire ovunque!;Bustina Giocheria|Blister;1;0;0;0
7;I Serie;Popolo della Terra;Scovanascondigli;scovanascondigli_s1_prova.png;;;;;;;scovanascondigli_s1.png;retro_s1.png;LO SCOVANASCONDIGLI|Gli artigli non sono solo armi…Possono anche essere sensori…|Scappa! Nasconditi! Fuggi… non hai comunque nessuna speranza: lui ti scoverà ovunque!;Bustina Giocheria|Blister;1;0;0;0
8;I Serie;Popolo della Foresta;Tasarau;tasarau_s1_prova.png;;;;;;;tasarau_s1.png;retro_s1.png;TASARAU, IL SIGNORE DELLA FORESTA|Secondo a GHEOS per età, ma non per saggezza!|Con le sue possenti braccia afferra..|Con i suoi artigli, distrugge…|Un gigante che non conosce ostacoli.|Si narra che “|…quando si alza il suo urlo lamentoso, i boschi tramano… E un lento frusciare si alza dai rami…”;Bustina Giocheria|Blister;1;0;0;0
9;I Serie;Popolo della Foresta;Mimeticus;mimeticus_s1_prova.png;;;;;;;mimeticus_s1.png;retro_s1.png;MIMETICUS IL VELOCE|In pochi sono riusciti a vederlo… chi l’ha visto, difficilmente è sopravvissuto!|Veloce come il vento… corre emanando dalla testa delle spore magiche “oblianti”…|Se le respiri, perdi conoscenza e rimani fra le sue mani…;Bustina Giocheria|Blister;1;0;0;0
10;I Serie;Popolo della Foresta;Saggio Distruttore;saggiodistruttore_s1_prova.png;;;;;;;saggiodistruttore_s1.png;retro_s1.png;IL SAGGIO DISTRUTTORE|”Antico come la vita sulla terra…”|questo dicono di lui.|Sa sempre la cosa giusta da fare… Pacifico e gioioso con i nuovi cuccioli del villaggio, di cui è il protettore.|Non toccate i piccoli altrimenti la sua furia diventa inimmaginabile!!! I suoi rami allungabili sono ancora forti e potenti nonostante l’età!;Bustina Giocheria|Blister;1;0;0;0
11;I Serie;Popolo della Foresta;Florus;florus_s1_prova.png;;;;;;;florus_s1.png;retro_s1.png;FLORUS L’AVVELENATORE|Non è saggio incrociare la sua strada…|Praticamente privo di difese, vive nascosto nella vegetazione per poi attaccare i suoi nemici con le spore velenose alle quali non c’è scampo o cura!|Solitamente si nasconde fra i fiori e colpisce senza essere visto!;Bustina Giocheria|Blister;1;0;0;0
12;I Serie;Popolo della Foresta;Frusta Letale;frustaletale_s1_prova.png;;;;;;;frustaletale_s1.png;retro_s1.png;FRUSTA LETALE|È considerato a ragione uno dei più pericolosi di questo popolo.|Le sue piccole dimensioni nascondono una grande potenza!| Agile e velocissimo, con la sua mano allungabile t’imprigiona, mentre con la frusta… colpisce, distrugge, massacra…|”Nelle piccole cose vive una grande potenza…”|dicono parlando di lui.;Bustina Giocheria|Blister;1;0;0;0
13;I Serie;Popolo della Foresta;Strapparami;strapparami_s1_prova.png;;;;;;;strapparami_s1.png;retro_s1.png;STRAPPARAMI IL FURIOSO|Le sue braccia allungabili arrivano ovunque…afferrano qualsiasi cosa… stritolano tutto!!!|Particolarmente agile nella boscaglia, tutti i suoi arti possono allungarsi per molti metri, inseguendo i suoi nemici fra i rami, acciuffandoti e poi… Beh, facile da immaginare!;Bustina Giocheria|Blister;1;0;0;0
14;I Serie;Popolo della Foresta;Picchiatore;picchiatore_s1_prova.png;;;;;;;picchiatore_s1.png;retro_s1.png;IL PICCHIATORE|Si nasconde sugli alberi lasciandosi cadere giù… chi se lo è visto arrivare addosso, difficilmente può raccontarlo usando la propria bocca…! Tantissima potenza in un corpo di legno duro come l’acciaio!;Bustina Giocheria|Blister;1;0;0;0
15;I Serie;Popolo del Mare;Poivrons;poivrons_s1_prova.png;;;;;;;poivrons_s1.png;retro_s1.png;POIVRONS, IL SIGNORE DEL MARE|Molto suscettibile e permaloso…|I tentacoli della sua testa possono arrivare dovunque e soprattutto stritolare di tutto!|Se lo vedi inizia a correre… e soprattutto, corri veloce!;Bustina Giocheria|Blister;1;0;0;0
16;I Serie;Popolo del Mare;Medusantica;medusantica_s1_prova.png;;;;;;;medusantica_s1.png;retro_s1.png;MEDUSANTICA|Vive da sempre nelle oscure grotte dell’oceano. Silenziosa e solitaria, non le piace essere disturbata…|Se lo fai preparati… la potenza della sua magia ti entra nel cervello… mentre i suoi lunghi tentacoli arrivano dovunque, e soprattutto fanno molto molto male…|Il suo corpo a spirale può provocare veri e propri gorghi nelle acque, per trascinare sul fondo i nemici…;Bustina Giocheria|Blister;1;0;0;0
17;I Serie;Popolo del Mare;Martello;martello_s1_prova.png;;;;;;;martello_s1.png;retro_s1.png;MARTELLO IL PREDATORE|Velocissimo e agilissimo nelle acque, è anche molto pericoloso grazie alla sua pinna tagliente sulla testa.|Fuori dall’acqua si muove però goffamente e soprattutto non ha molte difese contro i nemici. Per questo si sposta sempre di notte.;Bustina Giocheria|Blister;1;0;0;0
18;I Serie;Popolo del Mare;Mantra;mantra_s1_prova.png;;;;;;;mantra_s1.png;retro_s1.png;MANTRA L’IMPLACABILE|Ahi, ahi… Mantra non ha amici, ed è temuta terribilmente dai nemici.|Pericolosa dentro e fuori dall’acqua. Tutte le pinne del suo corpo sono in realtà lame taglienti… la sua coda le protegge sempre le spalle e l’armatura a conchiglia la difende dai colpi degli avversari!|Assolutamente pericolosa!;Bustina Giocheria|Blister;1;0;0;0
19;I Serie;Popolo del Mare;Tenaglia;tenaglia_s1_prova.png;;;;;;;tenaglia_s1.png;retro_s1.png;TENAGLIA IL TERRIBILE|Non è veloce… ma non ti far prendere dalle sue tenaglie, altrimenti…|Difficile ferirlo, grazie a tutte le sue difese! Con la chela ti afferra e con gli artigli…| Beh, meglio non pensarci!;Bustina Giocheria|Blister;1;0;0;0
20;I Serie;Popolo del Mare;Grankios;grankios_s1_prova.png;;;;;;;grankios_s1.png;retro_s1.png;GRANKIOS IL VENDICATORE|Il più resistente del suo popolo, fuori dall’acqua. Lento ma con molta potenza difensiva.|Un vero segugio… sta nascosto, aspettando i suoi nemici per poi colpirli con le sue micidiali chele.;Bustina Giocheria|Blister;1;0;0;0
21;I Serie;Popolo del Mare;Delos;delos_s1_prova.png;;;;;;;delos_s1.png;retro_s1.png;DELOS IL CONTE DEI MARI|È chiamato “Il Conte dei Mari” per il suo portamento elegante. Dotato di tentacolo allungabile e di una chela distruttrice… il terzo occhio posto sulla fronte, oltre ad illuminare i fondali dell’oceano, gli consente di percepire e vedere i pensieri dei nemici e di sapere sempre in anticipo le mosse degli avversari!;Bustina Giocheria|Blister;1;0;0;0
22;I Serie;Popolo dell'Aria;Noctis;noctis_s1_prova.png;;;;;;;noctis_s1.png;retro_s1.png;NOCTIS, IL SIGNORE DEI CIELI|Dall’alto, nell’oscurità… spia, sorveglia e… attacca!|La leggenda narra che nemmeno la luna può sfuggire alla potenza della sua magia!;Bustina Giocheria|Blister;1;0;0;0
23;I Serie;Popolo dell'Aria;Magica Vedetta;magicavedetta_s1_prova.png;;;;;;;magicavedetta_s1.png;retro_s1.png;LA MAGICA VEDETTA|Niente le sfugge!|”… le sue antenne magiche vedono ciò che l’occhio non può scorgere!”|Velocissima sul volo breve, non può rimanere in volo per lungo tempo.;Bustina Giocheria|Blister;1;0;0;0
24;I Serie;Popolo dell'Aria;Pungolo;pungolo_s1_prova.png;;;;;;;pungolo_s1.png;retro_s1.png;PUNGOLO LO SFUGGENTE|Quando si lancia in picchiata, nessuna difesa può resistere al suo corno…|Rapidissimo nei movimenti… non chiedetegli di volare molto in alto…;Bustina Giocheria|Blister;1;0;0;0
25;I Serie;Popolo dell'Aria;Aquila Solitaria;aquilasolitaria_s1_prova.png;;;;;;;aquilasolitaria_s1.png;retro_s1.png;AQUILA SOLITARIA|Detto anche il Saggio dell’Aria. Mitica la sua memoria, fulminante il suo sguardo.|Parla poco, ma a volte i suoi artigli fanno ben capire i suoi pensieri…|Può volare per giorni interi!;Bustina Giocheria|Blister;1;0;0;0
26;I Serie;Popolo dell'Aria;Severo Guardiano;severoguardiano_s1_prova.png;;;;;;;severoguardiano_s1.png;retro_s1.png;Il SEVERO GUARDIANO|Niente può sfuggirgli… Implacabile, il suo becco emana onde sonore distruttive!|Fisico possente per ore di volo continuato… Inoltre, le sue ali sono affilate come lame…|”stiamo tutti buoni quando il guardiano è in volo…” dicono sempre gli abitanti del villaggio.;Bustina Giocheria|Blister;1;0;0;0
27;I Serie;Popolo dell'Aria;Alos;alos_s1_prova.png;;;;;;;alos_s1.png;retro_s1.png;ALO L’IPNOTIZZATORE|Detto “Il Mago dei Cieli”… I suoi occhi t’ipnotizzano, la magia delle sue antenne t’ammalia…|… i suoi artigli ti stritolano!|Vola sempre di notte quando i suoi poteri sono più forti… se lo vedi arrivare… attento non è un incubo… inizia a scappare!;Bustina Giocheria|Blister;1;0;0;0
28;I Serie;Popolo dell'Aria;Becco D'Acciaio;beccodacciaio_s1_prova.png;;;;;;;beccodacciaio_s1.png;retro_s1.png;BECCO D’ACCIAIO|Non è rapido, ma può stare in volo per giorni interi…|I suoi occhi arrivano a vedere ovunque…|Il suo becco non conosce scudo che non può resistergli!;Bustina Giocheria|Blister;1;0;0;0
29;I Serie;Popolo del Magma;Magmion;magmion_s1_prova.png;;;;;;;magmion_s1.png;retro_s1.png;MAGMION, IL SIGNORE DEL MALE|Potenza, magia e dimensioni ne fanno il capo indiscusso di Vulcano!|Al pronunciare il suo nome, persino le piante appassiscono…|Inavvicinabile, è sempre difeso dalla sua Magia Nera… Se ti scontri con lui, non andrai lontano: la lama del suo braccio e la sua coda di roccia… ti saranno fatali!;Bustina Giocheria|Blister;1;0;0;0
30;I Serie;Popolo del Magma;Electricon;electricon_s1_prova.png;;;;;;;electricon_s1.png;retro_s1.png;ELECTRICON|Nato dalle tempeste elettromagnetiche del Vulcano… dalle sue mani partono veri e propri fulmini…|Non provare mai ad attaccarlo da dietro…|Grazie alla posizione dei suoi occhi, vede a 360°!;Bustina Giocheria|Blister;1;0;0;0
31;I Serie;Popolo del Magma;Strappapensieri;strappapensieri_s1_prova.png;;;;;;;strappapensieri_s1.png;retro_s1.png;LO STRAPPAPENSIERI|Chi lo ha incontrato non sa se sia più atroce la sua Magia Telepatica che sembra schiacciarti il cervello oppure il dolore causato dai suoi artigli che affondano nella carne…;Bustina Giocheria|Blister;1;0;0;0
32;I Serie;Popolo del Magma;Maglio Infuocato;maglioinfuocato_s1_prova.png;;;;;;;maglioinfuocato_s1.png;retro_s1.png;MAGLIO INFUOCATO|Non può vivere più a Vulcano a causa di una lite con Magmion. La sua lontananza dal fuoco ha provocato il raffreddamento del suo corpo che si è trasformato in roccia… Ma non il suo pugno… che continua ad essere un palla di fuoco…;Bustina Giocheria|Blister;1;0;0;0
33;I Serie;Popolo del Magma;Insecticus;insecticus_s1_prova.png;;;;;;;insecticus_s1.png;retro_s1.png;INSECTICUS|Non provare a schiacciarlo… sarebbe l’ultima cosa che fai…|Corazza di roccia per difendersi, artigli ruotanti e lancia lapilli per distruggerti!;Bustina Giocheria|Blister;1;0;0;0
34;I Serie;Popolo del Magma;Aracno;aracno_s1_prova.png;;;;;;;aracno_s1.png;retro_s1.png;ARACNO IL CRUDELE|”…Per crudeltà è secondo solo a Magmion…” questo dice chi lo conosce (ed è sopravvissuto).|Piccolo ed esile può sgusciare ed arrampicarsi ovunque. Amico fidato di Magmion, sputa dalla sua bocca un acido che può fondere qualsiasi materiale.|La sua mente perversa può leggere il pensiero di qualsiasi essere vivente!;Bustina Giocheria|Blister;1;0;0;0
35;I Serie;Popolo del Magma;Guardiano Urlante;guardianourlante_s1_prova.png;;;;;;;guardianourlante_s1.png;retro_s1.png;IL GUARDIANO URLANTE|Nato nell’antichità, alcune parti del suo corpo si sono freddate… alle vecchie armi di fuoco che aveva originariamente ha sostituito lame, uncini e artigli di ferro!|Il suo terzo occhio gli permette di vedere a distanze impossibili, il suo grido di battaglia fa tremare la terra!;Bustina Giocheria|Blister;1;0;0;0
36;I Serie;Popolo della Lava;Lavion;lavion_s1_prova.png;;;;;;;lavion_s1.png;retro_s1.png;LAVION, SIGNORE DEL TERRORE|Terribile!… il suo braccio vive di vita propria… Spaventoso nella sua malvagità… anche le rocce s’inchinano a lui e tremano al suo passaggio…;Bustina Giocheria|Blister;1;0;0;0
37;I Serie;Popolo della Lava;Anonimo Multiforme;anonimomultiforme_s1_prova.png;;;;;;;anonimomultiforme_s1.png;retro_s1.png;L’ANONIMO MULTIFORME|Nessuno conosce le sue vere sembianze…|apparso dal niente e nel niente sembra sparire quando decide di trasformarsi…|Le sue “sfere elettromagnetiche” distruggono ogni forma di vita!;Bustina Giocheria|Blister;1;0;0;0
38;I Serie;Popolo della Lava;Mastodontico;mastodontico_s1_prova.png;;;;;;;mastodontico_s1.png;retro_s1.png;IL MASTODONTICO|Lento ma potentissimo…|”… a che servono armi speciali o magia, quando i tuoi pugni possono demolire il mondo?”;Bustina Giocheria|Blister;1;0;0;0
39;I Serie;Popolo della Lava;Sparafuoco;sparafuoco_s1_prova.png;;;;;;;sparafuoco_s1.png;retro_s1.png;SPARAFUOCO|Fisico liquido e lento nei movimenti. Le sue lingue di fuoco che escono dalle sue dita possono fondere qualsiasi materiale…|Il suo grande ed unico occhio t’ipnotizza… prima di polverizzarti!;Bustina Giocheria|Blister;1;0;0;0
40;I Serie;Popolo della Lava;Malvagius;malvagius_s1_prova.png;;;;;;;malvagius_s1.png;retro_s1.png;MALVAGIUS IL TERRIBILE|”… il fratello del Diavolo…”|…Così era chiamato un tempo…|Nessuno gli si avvicina, non ha né padroni né comandanti…|Figlio della malvagità, è sempre contornato da un’aurea di crudeltà e magia nera.;Bustina Giocheria|Blister;1;0;0;0
41;I Serie;Popolo della Lava;Lavor;lavor_s1_prova.png;;;;;;;lavor_s1.png;retro_s1.png;LAVOR IL POTENTE|Una vera e propria corazzata!|uno dei pochi del suo popolo a poter fronteggiare attacchi sia dalla terra che dal cielo, grazie ai dardi infuocati che spara dal braccio, dal collo e dalla testa…|”… avanti, fatti sotto che ti polverizzo!!!”;Bustina Giocheria|Blister;1;0;0;0
42;I Serie;Popolo della Lava;Angelo Infuocato;angeloinfuocato_s1_prova.png;;;;;;;angeloinfuocato_s1.png;retro_s1.png;L’ANGELO INFUOCATO|Un corpo fatto di liquida lava con due ali di fuoco…|La controffensiva del Popolo Lava agli attacchi dal cielo… Le sue mani si solidificano e diventano micidiali proiettili… una volta sparati… si rigenerano subito…;Bustina Giocheria|Blister;1;0;0;0
43;Mystica;Popolo della Terra;Gheos;gheos_mystica_prova.png;;;;;;;gheos_mystica.png;retro_s2.png;GHEOS, IL SIGNORE DELLA POTENZA|Il Primogenito… Lui “era” quando ancora niente esisteva!|Silenzioso, saggio e riservato.|La sua potenza è la più grande, il suo maglio devastante!;Bustina Edicola|Bustina Giocheria;1;0;0;0
44;Mystica;Popolo della Terra;Trematerra;trematerra_mystica_prova.png;;;;;;;placeholder.jpg;retro_s2.png;IL TREMATERRA|”…il suo pugno si abbatte come un terremoto…”|Così cantano le canzoni popolari!|Gentile e silenzioso… è meglio però non farlo arrabbiare…;Bustina Giocheria;1;0;0;0
45;Mystica;Popolo della Terra;Schienacciaio;schienacciaio_mystica_prova.png;;;;;;;placeholder.jpg;retro_s2.png;SCHIENACCIAIO|Il burlone del villaggio… Tenero con i cuccioli quanto implacabile col nemico!|Per difendersi si accuccia per terra diventando una vera e propria sfera d’acciaio (grazie alla sua schiena);Bustina Giocheria;1;0;0;0
46;Mystica;Popolo della Terra;Furia Cieca;furiacieca_mystica_prova.png;;;;;;;furiacieca_mystica.png;retro_s2.png;FURIA CIECA!I suoi occhi non vedono più… vive nell’oscurità…|Percepisce il mondo solo attraverso le sue antenne magiche che ha sulla testa. La sua rabbia distruttrice non conosce confini!;Bustina Edicola|Bustina Giocheria;1;0;0;0
47;Mystica;Popolo della Terra;Gravitus;gravitus_mystica_prova.png;;;;;;;placeholder.jpg;retro_s2.png;GRAVITUS IL FORTE|Quando era cucciolo voleva diventare come Gheos… Non c’è riuscito ma la sua forza è diventata leggenda!;Bustina Giocheria;1;0;0;0
48;Mystica;Popolo della Terra;Talps;talps_mystica_prova.png;;;;;;;talps_mystica.png;retro_s2.png;TALPS LO SCAVABUCHE|Quando combatti con lui, devi guardarti intorno… non sei mai al sicuro… Ricordati!|Guardati sempre alle spalle, perché Talps può apparire ovunque!;Bustina Edicola|Bustina Giocheria;1;0;0;0
49;Mystica;Popolo della Terra;Scovanascondigli;scovanascondigli_mystica_prova.png;;;;;;;scovanascondigli_mystica.png;retro_s2.png;LO SCOVANASCONDIGLI|Gli artigli non sono solo armi…Possono anche essere sensori…|Scappa! Nasconditi! Fuggi… non hai comunque nessuna speranza: lui ti scoverà ovunque!;Bustina Edicola|Bustina Giocheria;1;0;0;0
50;Mystica;Popolo della Foresta;Tasarau;tasarau_mystica_prova.png;;;;;;;tasarau_mystica.png;retro_s2.png;TASARAU, IL SIGNORE DELLA FORESTA|Secondo a GHEOS per età, ma non per saggezza!|Con le sue possenti braccia afferra..|Con i suoi artigli, distrugge…|Un gigante che non conosce ostacoli.|Si narra che “|…quando si alza il suo urlo lamentoso, i boschi tramano… E un lento frusciare si alza dai rami…”;Bustina Edicola|Bustina Giocheria;1;0;0;0
51;Mystica;Popolo della Foresta;Mimeticus;mimeticus_mystica_prova.png;;;;;;;mimeticus_mystica.png;retro_s2.png;MIMETICUS IL VELOCE|In pochi sono riusciti a vederlo… chi l’ha visto, difficilmente è sopravvissuto!|Veloce come il vento… corre emanando dalla testa delle spore magiche “oblianti”…|Se le respiri, perdi conoscenza e rimani fra le sue mani…;Bustina Edicola|Bustina Giocheria;1;0;0;0
52;Mystica;Popolo della Foresta;Saggio Distruttore;saggiodistruttore_mystica_prova.png;;;;;;;saggiodistruttore_mystica.png;retro_s2.png;IL SAGGIO DISTRUTTORE|”Antico come la vita sulla terra…”|questo dicono di lui.|Sa sempre la cosa giusta da fare… Pacifico e gioioso con i nuovi cuccioli del villaggio, di cui è il protettore.|Non toccate i piccoli altrimenti la sua furia diventa inimmaginabile!!! I suoi rami allungabili sono ancora forti e potenti nonostante l’età!;Bustina Edicola|Bustina Giocheria;1;0;0;0
53;Mystica;Popolo della Foresta;Florus;florus_mystica_prova.png;;;;;;;placeholder.jpg;retro_s2.png;FLORUS L’AVVELENATORE|Non è saggio incrociare la sua strada…|Praticamente privo di difese, vive nascosto nella vegetazione per poi attaccare i suoi nemici con le spore velenose alle quali non c’è scampo o cura!|Solitamente si nasconde fra i fiori e colpisce senza essere visto!;Bustina Giocheria;1;0;0;0
54;Mystica;Popolo della Foresta;Frusta Letale;frustaletale_mystica_prova.png;;;;;;;placeholder.jpg;retro_s2.png;FRUSTA LETALE|È considerato a ragione uno dei più pericolosi di questo popolo.|Le sue piccole dimensioni nascondono una grande potenza!| Agile e velocissimo, con la sua mano allungabile t’imprigiona, mentre con la frusta… colpisce, distrugge, massacra…|”Nelle piccole cose vive una grande potenza…”|dicono parlando di lui.;Bustina Giocheria;1;0;0;0
55;Mystica;Popolo della Foresta;Strapparami;strapparami_mystica_prova.png;;;;;;;strapparami_mystica.png;retro_s2.png;STRAPPARAMI IL FURIOSO|Le sue braccia allungabili arrivano ovunque…afferrano qualsiasi cosa… stritolano tutto!!!|Particolarmente agile nella boscaglia, tutti i suoi arti possono allungarsi per molti metri, inseguendo i suoi nemici fra i rami, acciuffandoti e poi… Beh, facile da immaginare!;Bustina Edicola|Bustina Giocheria;1;0;0;0
56;Mystica;Popolo della Foresta;Picchiatore;picchiatore_mystica_prova.png;;;;;;;placeholder.jpg;retro_s2.png;IL PICCHIATORE|Si nasconde sugli alberi lasciandosi cadere giù… chi se lo è visto arrivare addosso, difficilmente può raccontarlo usando la propria bocca…! Tantissima potenza in un corpo di legno duro come l’acciaio!;Bustina Giocheria;1;0;0;0
57;Mystica;Popolo del Mare;Poivrons;poivrons_mystica_prova.png;;;;;;;placeholder.jpg;retro_s2.png;POIVRONS, IL SIGNORE DEL MARE|Molto suscettibile e permaloso…|I tentacoli della sua testa possono arrivare dovunque e soprattutto stritolare di tutto!|Se lo vedi inizia a correre… e soprattutto, corri veloce!;Bustina Giocheria;1;0;0;0
58;Mystica;Popolo del Mare;Medusantica;medusantica_mystica_prova.png;;;;;;;placeholder.jpg;retro_s2.png;MEDUSANTICA|Vive da sempre nelle oscure grotte dell’oceano. Silenziosa e solitaria, non le piace essere disturbata…|Se lo fai preparati… la potenza della sua magia ti entra nel cervello… mentre i suoi lunghi tentacoli arrivano dovunque, e soprattutto fanno molto molto male…|Il suo corpo a spirale può provocare veri e propri gorghi nelle acque, per trascinare sul fondo i nemici…;Bustina Giocheria;1;0;0;0
59;Mystica;Popolo del Mare;Martello;martello_mystica_prova.png;;;;;;;placeholder.jpg;retro_s2.png;MARTELLO IL PREDATORE|Velocissimo e agilissimo nelle acque, è anche molto pericoloso grazie alla sua pinna tagliente sulla testa.|Fuori dall’acqua si muove però goffamente e soprattutto non ha molte difese contro i nemici. Per questo si sposta sempre di notte.;Bustina Giocheria;1;0;0;0
60;Mystica;Popolo del Mare;Mantra;mantra_mystica_prova.png;;;;;;;placeholder.jpg;retro_s2.png;MANTRA L’IMPLACABILE|Ahi, ahi… Mantra non ha amici, ed è temuta terribilmente dai nemici.|Pericolosa dentro e fuori dall’acqua. Tutte le pinne del suo corpo sono in realtà lame taglienti… la sua coda le protegge sempre le spalle e l’armatura a conchiglia la difende dai colpi degli avversari!|Assolutamente pericolosa!;Bustina Giocheria;1;0;0;0
61;Mystica;Popolo del Mare;Tenaglia;tenaglia_mystica_prova.png;;;;;;;placeholder.jpg;retro_s2.png;TENAGLIA IL TERRIBILE|Non è veloce… ma non ti far prendere dalle sue tenaglie, altrimenti…|Difficile ferirlo, grazie a tutte le sue difese! Con la chela ti afferra e con gli artigli…| Beh, meglio non pensarci!;Bustina Giocheria;1;0;0;0
62;Mystica;Popolo del Mare;Grankios;grankios_mystica_prova.png;;;;;;;placeholder.jpg;retro_s2.png;GRANKIOS IL VENDICATORE|Il più resistente del suo popolo, fuori dall’acqua. Lento ma con molta potenza difensiva.|Un vero segugio… sta nascosto, aspettando i suoi nemici per poi colpirli con le sue micidiali chele.;Bustina Giocheria;1;0;0;0
63;Mystica;Popolo del Mare;Delos;delos_mystica_prova.png;;;;;;;placeholder.jpg;retro_s2.png;DELOS IL CONTE DEI MARI|È chiamato “Il Conte dei Mari” per il suo portamento elegante. Dotato di tentacolo allungabile e di una chela distruttrice… il terzo occhio posto sulla fronte, oltre ad illuminare i fondali dell’oceano, gli consente di percepire e vedere i pensieri dei nemici e di sapere sempre in anticipo le mosse degli avversari!;Bustina Giocheria;1;0;0;0
64;Mystica;Popolo dell'Aria;Noctis;noctis_mystica_prova.png;;;;;;;placeholder.jpg;retro_s2.png;NOCTIS, IL SIGNORE DEI CIELI|Dall’alto, nell’oscurità… spia, sorveglia e… attacca!|La leggenda narra che nemmeno la luna può sfuggire alla potenza della sua magia!;Bustina Giocheria;1;0;0;0
65;Mystica;Popolo dell'Aria;Magica Vedetta;magicavedetta_mystica_prova.png;;;;;;;placeholder.jpg;retro_s2.png;LA MAGICA VEDETTA|Niente le sfugge!|”… le sue antenne magiche vedono ciò che l’occhio non può scorgere!”|Velocissima sul volo breve, non può rimanere in volo per lungo tempo.;Bustina Giocheria;1;0;0;0
66;Mystica;Popolo dell'Aria;Pungolo;pungolo_mystica_prova.png;;;;;;;placeholder.jpg;retro_s2.png;PUNGOLO LO SFUGGENTE|Quando si lancia in picchiata, nessuna difesa può resistere al suo corno…|Rapidissimo nei movimenti… non chiedetegli di volare molto in alto…;Bustina Giocheria;1;0;0;0
67;Mystica;Popolo dell'Aria;Aquila Solitaria;aquilasolitaria_mystica_prova.png;;;;;;;placeholder.jpg;retro_s2.png;AQUILA SOLITARIA|Detto anche il Saggio dell’Aria. Mitica la sua memoria, fulminante il suo sguardo.|Parla poco, ma a volte i suoi artigli fanno ben capire i suoi pensieri…|Può volare per giorni interi!;Bustina Giocheria;1;0;0;0
68;Mystica;Popolo dell'Aria;Severo Guardiano;severoguardiano_mystica_prova.png;;;;;;;placeholder.jpg;retro_s2.png;Il SEVERO GUARDIANO|Niente può sfuggirgli… Implacabile, il suo becco emana onde sonore distruttive!|Fisico possente per ore di volo continuato… Inoltre, le sue ali sono affilate come lame…|”stiamo tutti buoni quando il guardiano è in volo…” dicono sempre gli abitanti del villaggio.;Bustina Giocheria;1;0;0;0
69;Mystica;Popolo dell'Aria;Alos;alos_mystica_prova.png;;;;;;;placeholder.jpg;retro_s2.png;ALO L’IPNOTIZZATORE|Detto “Il Mago dei Cieli”… I suoi occhi t’ipnotizzano, la magia delle sue antenne t’ammalia…|… i suoi artigli ti stritolano!|Vola sempre di notte quando i suoi poteri sono più forti… se lo vedi arrivare… attento non è un incubo… inizia a scappare!;Bustina Giocheria;1;0;0;0
70;Mystica;Popolo dell'Aria;Becco D'Acciaio;beccodacciaio_mystica_prova.png;;;;;;;placeholder.jpg;retro_s2.png;BECCO D’ACCIAIO|Non è rapido, ma può stare in volo per giorni interi…|I suoi occhi arrivano a vedere ovunque…|Il suo becco non conosce scudo che non può resistergli!;Bustina Giocheria;1;0;0;0
71;Mystica;Popolo del Magma;Magmion;magmion_mystica_prova.png;;;;;;;placeholder.jpg;retro_s2.png;MAGMION, IL SIGNORE DEL MALE|Potenza, magia e dimensioni ne fanno il capo indiscusso di Vulcano!|Al pronunciare il suo nome, persino le piante appassiscono…|Inavvicinabile, è sempre difeso dalla sua Magia Nera… Se ti scontri con lui, non andrai lontano: la lama del suo braccio e la sua coda di roccia… ti saranno fatali!;Bustina Giocheria;1;0;0;0
72;Mystica;Popolo del Magma;Electricon;electricon_mystica_prova.png;;;;;;;placeholder.jpg;retro_s2.png;ELECTRICON|Nato dalle tempeste elettromagnetiche del Vulcano… dalle sue mani partono veri e propri fulmini…|Non provare mai ad attaccarlo da dietro…|Grazie alla posizione dei suoi occhi, vede a 360°!;Bustina Giocheria;1;0;0;0
73;Mystica;Popolo del Magma;Strappapensieri;strappapensieri_mystica_prova.png;;;;;;;placeholder.jpg;retro_s2.png;LO STRAPPAPENSIERI|Chi lo ha incontrato non sa se sia più atroce la sua Magia Telepatica che sembra schiacciarti il cervello oppure il dolore causato dai suoi artigli che affondano nella carne…;Bustina Giocheria;1;0;0;0
74;Mystica;Popolo del Magma;Maglio Infuocato;maglioinfuocato_mystica_prova.png;;;;;;;placeholder.jpg;retro_s2.png;MAGLIO INFUOCATO|Non può vivere più a Vulcano a causa di una lite con Magmion. La sua lontananza dal fuoco ha provocato il raffreddamento del suo corpo che si è trasformato in roccia… Ma non il suo pugno… che continua ad essere un palla di fuoco…;Bustina Giocheria;1;0;0;0
75;Mystica;Popolo del Magma;Insecticus;insecticus_mystica_prova.png;;;;;;;placeholder.jpg;retro_s2.png;INSECTICUS|Non provare a schiacciarlo… sarebbe l’ultima cosa che fai…|Corazza di roccia per difendersi, artigli ruotanti e lancia lapilli per distruggerti!;Bustina Giocheria;1;0;0;0
76;Mystica;Popolo del Magma;Aracno;aracno_mystica_prova.png;;;;;;;placeholder.jpg;retro_s2.png;ARACNO IL CRUDELE|”…Per crudeltà è secondo solo a Magmion…” questo dice chi lo conosce (ed è sopravvissuto).|Piccolo ed esile può sgusciare ed arrampicarsi ovunque. Amico fidato di Magmion, sputa dalla sua bocca un acido che può fondere qualsiasi materiale.|La sua mente perversa può leggere il pensiero di qualsiasi essere vivente!;Bustina Giocheria;1;0;0;0
77;Mystica;Popolo del Magma;Guardiano Urlante;guardianourlante_mystica_prova.png;;;;;;;placeholder.jpg;retro_s2.png;IL GUARDIANO URLANTE|Nato nell’antichità, alcune parti del suo corpo si sono freddate… alle vecchie armi di fuoco che aveva originariamente ha sostituito lame, uncini e artigli di ferro!|Il suo terzo occhio gli permette di vedere a distanze impossibili, il suo grido di battaglia fa tremare la terra!;Bustina Giocheria;1;0;0;0
78;Mystica;Popolo della Lava;Lavion;lavion_mystica_prova.png;;;;;;;lavion_mystica.png;retro_s2.png;LAVION, SIGNORE DEL TERRORE|Terribile!… il suo braccio vive di vita propria… Spaventoso nella sua malvagità… anche le rocce s’inchinano a lui e tremano al suo passaggio…;Bustina Edicola|Bustina Giocheria;1;0;0;0
79;Mystica;Popolo della Lava;Anonimo Multiforme;anonimomultiforme_mystica_prova.png;;;;;;;placeholder.jpg;retro_s2.png;L’ANONIMO MULTIFORME|Nessuno conosce le sue vere sembianze…|apparso dal niente e nel niente sembra sparire quando decide di trasformarsi…|Le sue “sfere elettromagnetiche” distruggono ogni forma di vita!;Bustina Edicola|Bustina Giocheria;1;0;0;0
80;Mystica;Popolo della Lava;Mastodontico;mastodontico_mystica_prova.png;;;;;;;mastodontico_mystica.png;retro_s2.png;IL MASTODONTICO|Lento ma potentissimo…|”… a che servono armi speciali o magia, quando i tuoi pugni possono demolire il mondo?”;Bustina Edicola|Bustina Giocheria;1;0;0;0
81;Mystica;Popolo della Lava;Sparafuoco;sparafuoco_mystica_prova.png;;;;;;;placeholder.jpg;retro_s2.png;SPARAFUOCO|Fisico liquido e lento nei movimenti. Le sue lingue di fuoco che escono dalle sue dita possono fondere qualsiasi materiale…|Il suo grande ed unico occhio t’ipnotizza… prima di polverizzarti!;Bustina Giocheria;1;0;0;0
82;Mystica;Popolo della Lava;Malvagius;malvagius_mystica_prova.png;;;;;;;malvagius_mystica.png;retro_s2.png;MALVAGIUS IL TERRIBILE|”… il fratello del Diavolo…”|…Così era chiamato un tempo…|Nessuno gli si avvicina, non ha né padroni né comandanti…|Figlio della malvagità, è sempre contornato da un’aurea di crudeltà e magia nera.;Bustina Edicola|Bustina Giocheria;1;0;0;0
83;Mystica;Popolo della Lava;Lavor;lavor_mystica_prova.png;;;;;;;placeholder.jpg;retro_s2.png;LAVOR IL POTENTE|Una vera e propria corazzata!|uno dei pochi del suo popolo a poter fronteggiare attacchi sia dalla terra che dal cielo, grazie ai dardi infuocati che spara dal braccio, dal collo e dalla testa…|”… avanti, fatti sotto che ti polverizzo!!!”;Bustina Giocheria;1;0;0;0
84;Mystica;Popolo della Lava;Angelo Infuocato;angeloinfuocato_mystica_prova.png;;;;;;;placeholder.jpg;retro_s2.png;L’ANGELO INFUOCATO|Un corpo fatto di liquida lava con due ali di fuoco…|La controffensiva del Popolo Lava agli attacchi dal cielo… Le sue mani si solidificano e diventano micidiali proiettili… una volta sparati… si rigenerano subito…;Bustina Giocheria;1;0;0;0
85;II Serie;Popolo della Terra;Kolossus;kolussus_s2_prova.png;;;;;;;kolossus_s2.png;retro_s2.png;;Bustina Edicola|Bustina Giocheria|Blister;1;0;0;0
86;II Serie;Popolo della Terra;Dedalo;dedalo_s2_prova.png;;;;;;;dedalo_s2.png;retro_s2.png;;Bustina Giocheria|Blister;1;0;0;0
87;II Serie;Popolo della Terra;Rocciatauro;rocciatauro_s2_prova.png;;;;;;;rocciatauro_s2.png;retro_s2.png;;Bustina Giocheria|Blister;1;0;0;0
88;II Serie;Popolo della Terra;Diamantes;diamantes_s2_prova.png;;;;;;;diamantes_s2.png;retro_s2.png;;Bustina Edicola|Bustina Giocheria|Blister;1;0;0;0
89;II Serie;Popolo della Terra;Stalattite;stalattite_s2_prova.png;;;;;;;stalattite_s2.png;retro_s2.png;;Bustina Giocheria|Blister;1;0;0;0
90;II Serie;Popolo della Terra;Lanciamassi;lanciamassi_s2_prova.png;;;;;;;lanciamassi_s2.png;retro_s2.png;;Bustina Edicola|Bustina Giocheria|Blister;1;0;0;0
91;II Serie;Popolo della Terra;Mangiaterra;mangiaterra_s2_prova.png;;;;;;;mangiaterra_s2.png;retro_s2.png;;Bustina Edicola (S2/atomic)|Monte Vulcano;1;0;0;0
92;II Serie;Popolo della Foresta;Barbataus;barbataus_s2_prova.png;;;;;;;barbataus_s2.png;retro_s2.png;;Bustina Edicola|Bustina Giocheria|Blister;1;0;0;0
93;II Serie;Popolo della Foresta;Sentinella Antica;sentinellaantica_s2_prova.png;;;;;;;sentinellaantica_s2.png;retro_s2.png;;Bustina Edicola|Bustina Giocheria|Blister;1;0;0;0
94;II Serie;Popolo della Foresta;Troncannone;troncannone_s2_prova.png;;;;;;;troncannone_s2.png;retro_s2.png;;Bustina Giocheria|Blister;1;0;0;0
95;II Serie;Popolo della Foresta;Supplizio;supplizio_s2_prova.png;;;;;;;supplizio_s2.png;retro_s2.png;;Bustina Giocheria|Blister;1;0;0;0
96;II Serie;Popolo della Foresta;Sporius;sporius_s2_prova.png;;;;;;;sporius_s2.png;retro_s2.png;;Bustina Edicola|Bustina Giocheria|Blister;1;0;0;0
97;II Serie;Popolo della Foresta;Sferst;sferst_s2_prova.png;;;;;;;sferst_s2.png;retro_s2.png;;Bustina Giocheria|Blister;1;0;0;0
98;II Serie;Popolo della Foresta;Immobile Paziente;immobilepaziente_s2_prova.png;;;;;;;immobilepaziente_s2.png;retro_s2.png;;Bustina Edicola (S2/atomic);1;0;0;0
99;II Serie;Popolo del Mare;Carrapax;carrapax_s2_prova.png;;;;;;;carrapax_s2.png;retro_s2.png;;Bustina Edicola|Bustina Giocheria|Blister;1;0;0;0
100;II Serie;Popolo del Mare;Helico;helico_s2_prova.png;;;;;;;helico_s2.png;retro_s2.png;;Bustina Giocheria|Blister;1;0;0;0
101;II Serie;Popolo del Mare;Murena;murena_s2_prova.png;;;;;;;murena_s2.png;retro_s2.png;;Bustina Giocheria|Blister;1;0;0;0
102;II Serie;Popolo del Mare;Cavarex;cavarex_s2_prova.png;;;;;;;cavarex_s2.png;retro_s2.png;;Bustina Edicola|Bustina Giocheria|Blister;1;0;0;0
103;II Serie;Popolo del Mare;Multiplop;multiplop_s2_prova.png;;;;;;;multiplop_s2.png;retro_s2.png;;Bustina Edicola|Bustina Giocheria|Blister;1;0;0;0
104;II Serie;Popolo del Mare;Ipnorana;ipnorana_s2_prova.png;;;;;;;ipnorana_s2.png;retro_s2.png;;Bustina Giocheria|Blister;1;0;0;0
105;II Serie;Popolo del Mare;Tartantica;tartantica_s2_prova.png;;;;;;;tartantica_s2.png;retro_s2.png;;Bustina Edicola (S2/atomic)|Tana della Murena;1;0;0;0
106;II Serie;Popolo dell'Aria;Elios;elios_s2_prova.png;;;;;;;elios_s2.png;retro_s2.png;;Bustina Edicola|Bustina Giocheria|Blister;1;0;0;0
107;II Serie;Popolo dell'Aria;Magicorvo;magicorvo_s2_prova.png;;;;;;;magicorvo_s2.png;retro_s2.png;;Bustina Giocheria|Blister;1;0;0;0
108;II Serie;Popolo dell'Aria;Dragon;dragon_s2_prova.png;;;;;;;dragon_s2.png;retro_s2.png;;Bustina Edicola|Bustina Giocheria|Blister;1;0;0;0
109;II Serie;Popolo dell'Aria;Mangiamente;mangiamente_s2_prova.png;;;;;;;mangiamente_s2.png;retro_s2.png;;Bustina Giocheria|Blister;1;0;0;0
110;II Serie;Popolo dell'Aria;Oscuro Sanguinolento;oscurosanguinolento_s2_prova.png;;;;;;;oscurosanguinolento_s2.png;retro_s2.png;;Bustina Edicola|Bustina Giocheria|Blister;1;0;0;0
111;II Serie;Popolo dell'Aria;Falcosilente;falcosilente_s2_prova.png;;;;;;;falcosilente_s2.png;retro_s2.png;;Bustina Giocheria|Blister;1;0;0;0
112;II Serie;Popolo dell'Aria;Vorticus;vorticus_s2_prova.png;;;;;;;vorticus_s2.png;retro_s2.png;;Bustina Edicola (S2/atomic)|Picco dell'Aquila;1;0;0;0
113;II Serie;Popolo del Vulcano;Orrore Profondo;orroreprofondo_s2_prova.png;;;;;;;orroreprofondo_s2.png;retro_s2.png;;Bustina Edicola|Bustina Giocheria|Blister;1;0;0;0
114;II Serie;Popolo del Vulcano;Incubo di Fuoco;incubodifuoco_s2_prova.png;;;;;;;incubodifuoco_s2.png;retro_s2.png;;Bustina Giocheria|Blister;1;0;0;0
115;II Serie;Popolo del Vulcano;Misterioso Cavaliere;misteriosocavaliere_s2_prova.png;;;;;;;misteriosocavaliere_s2.png;retro_s2.png;;Bustina Giocheria|Blister;1;0;0;0
116;II Serie;Popolo del Vulcano;Geyser;geyser_s2_prova.png;;;;;;;geyser_s2.png;retro_s2.png;;Bustina Giocheria|Blister;1;0;0;0
117;II Serie;Popolo del Vulcano;Lamacciaio;lamacciaio_s2_prova.png;;;;;;;lamacciaio_s2.png;retro_s2.png;;Bustina Edicola|Bustina Giocheria|Blister;1;0;0;0
118;II Serie;Popolo del Vulcano;Incaldescente Fantasma;incaldescentefantasma_s2_prova.png;;;;;;;incaldescentefantasma_s2.png;retro_s2.png;;Bustina Edicola|Bustina Giocheria|Blister;1;0;0;0
119;II Serie;Popolo del Vulcano;Bombos;bombos_s2_prova.png;;;;;;;bombos_s2.png;retro_s2.png;;Bustina Edicola (S2/atomic)|Monte Vulcano;1;0;0;0
120;Atomic;Popolo della Terra;Kolossus;kolussus_at_prova.png;;;;;;;kolossus_at.png;retro_s2.png;;Bustina Edicola|Bustina Giocheria|Blister;1;0;0;0
121;Atomic;Popolo della Terra;Dedalo;dedalo_at_prova.png;;;;;;;dedalo_at.png;retro_s2.png;;Bustina Giocheria|Blister;1;0;0;0
122;Atomic;Popolo della Terra;Rocciatauro;rocciatauro_at_prova.png;;;;;;;rocciatauro_at.png;retro_s2.png;;Bustina Giocheria|Blister;1;0;0;0
123;Atomic;Popolo della Terra;Diamantes;diamantes_at_prova.png;;;;;;;diamantes_at.png;retro_s2.png;;Bustina Edicola|Bustina Giocheria|Blister;1;0;0;0
124;Atomic;Popolo della Terra;Stalattite;stalattite_at_prova.png;;;;;;;stalattite_at.png;retro_s2.png;;Bustina Giocheria|Blister;1;0;0;0
125;Atomic;Popolo della Terra;Lanciamassi;lanciamassi_at_proval.png;;;;;;;lanciamassi_at.png;retro_s2.png;;Bustina Edicola|Bustina Giocheria|Blister;1;0;0;0
126;Atomic;Popolo della Terra;Mangiaterra;mangiaterra_at_prova.png;;;;;;;mangiaterra_at.png;retro_s2.png;;Isola di Gorm;1;0;0;0
127;Atomic;Popolo della Foresta;Barbataus;barbataus_at_prova.png;;;;;;;barbataus_at.png;retro_s2.png;;Bustina Edicola|Bustina Giocheria|Blister;1;0;0;0
128;Atomic;Popolo della Foresta;Sentinella Antica;sentinellaantica_at_prova.png;;;;;;;sentinellaantica_at.png;retro_s2.png;;Bustina Edicola|Bustina Giocheria|Blister;1;0;0;0
129;Atomic;Popolo della Foresta;Troncannone;troncannone_at_prova.png;;;;;;;troncannone_at.png;retro_s2.png;;Bustina Giocheria|Blister;1;0;0;0
130;Atomic;Popolo della Foresta;Supplizio;supplizio_at_prova.png;;;;;;;supplizio_at.png;retro_s2.png;;Bustina Giocheria|Blister;1;0;0;0
131;Atomic;Popolo della Foresta;Sporius;sporius_at_prova.png;;;;;;;sporius_at.png;retro_s2.png;;Bustina Edicola|Bustina Giocheria|Blister;1;0;0;0
132;Atomic;Popolo della Foresta;Sferst;sferst_at_prova.png;;;;;;;sferst_at.png;retro_s2.png;;Bustina Giocheria|Blister;1;0;0;0
133;Atomic;Popolo della Foresta;Immobile Paziente;immobilepaziente_at_prova.png;;;;;;;immobilepaziente_at.png;retro_s2.png;;Isola di Gorm;1;0;0;0
134;Atomic;Popolo del Mare;Carrapax;carrapax_at_prova.png;;;;;;;carrapax_at.png;retro_s2.png;;Bustina Edicola|Bustina Giocheria|Blister;1;0;0;0
135;Atomic;Popolo del Mare;Helico;helico_at_prova.png;;;;;;;helico_at.png;retro_s2.png;;Bustina Giocheria|Blister;1;0;0;0
136;Atomic;Popolo del Mare;Murena;murena_at_prova.png;;;;;;;murena_at.png;retro_s2.png;;Bustina Giocheria|Blister;1;0;0;0
137;Atomic;Popolo del Mare;Cavarex;cavarex_at_prova.png;;;;;;;cavarex_at.png;retro_s2.png;;Bustina Edicola|Bustina Giocheria|Blister;1;0;0;0
138;Atomic;Popolo del Mare;Multiplop;multiplop_at_prova.png;;;;;;;multiplop_at.png;retro_s2.png;;Bustina Edicola|Bustina Giocheria|Blister;1;0;0;0
139;Atomic;Popolo del Mare;Ipnorana;ipnorana_at_prova.png;;;;;;;ipnorana_at.png;retro_s2.png;;Bustina Giocheria|Blister;1;0;0;0
140;Atomic;Popolo del Mare;Tartantica;tartantica_at_prova.png;;;;;;;tartantica_at.png;retro_s2.png;;Isola di Gorm;1;0;0;0
141;Atomic;Popolo dell'Aria;Elios;elios_at_prova.png;;;;;;;elios_at.png;retro_s2.png;;Bustina Edicola|Bustina Giocheria|Blister;1;0;0;0
142;Atomic;Popolo dell'Aria;Magicorvo;magicorvo_at_prova.png;;;;;;;magicorvo_at.png;retro_s2.png;;Bustina Giocheria|Blister;1;0;0;0
143;Atomic;Popolo dell'Aria;Dragon;dragon_at_prova.png;;;;;;;dragon_at.png;retro_s2.png;;Bustina Edicola|Bustina Giocheria|Blister;1;0;0;0
144;Atomic;Popolo dell'Aria;Mangiamente;mangiamente_at_prova.png;;;;;;;mangiamente_at.png;retro_s2.png;;Bustina Giocheria|Blister;1;0;0;0
145;Atomic;Popolo dell'Aria;Oscuro Sanguinolento;oscurosanguinolento_at_prova.png;;;;;;;oscurosanguinolento_at.png;retro_s2.png;;Bustina Edicola|Bustina Giocheria|Blister;1;0;0;0
146;Atomic;Popolo dell'Aria;Falcosilente;falcosilente_at_prova.png;;;;;;;falcosilente_at.png;retro_s2.png;;Bustina Giocheria|Blister;1;0;0;0
147;Atomic;Popolo dell'Aria;Vorticus;vorticus_at_prova.png;;;;;;;vorticus_at.png;retro_s2.png;;Monte Vulcano;1;0;0;0
148;Atomic;Popolo del Vulcano;Orrore Profondo;orroreprofondo_at_prova.png;;;;;;;orroreprofondo_at.png;retro_s2.png;;Bustina Edicola|Bustina Giocheria|Blister;1;0;0;0
149;Atomic;Popolo del Vulcano;Incubo di Fuoco;incubodifuoco_at_prova.png;;;;;;;incubodifuoco_at.png;retro_s2.png;;Bustina Giocheria|Blister;1;0;0;0
150;Atomic;Popolo del Vulcano;Misterioso Cavaliere;misteriosocavaliere_at_prova.png;;;;;;;misteriosocavaliere_at.png;retro_s2.png;;Bustina Giocheria|Blister;1;0;0;0
151;Atomic;Popolo del Vulcano;Geyser;geyser_at_prova.png;;;;;;;geyser_at.png;retro_s2.png;;Bustina Giocheria|Blister;1;0;0;0
152;Atomic;Popolo del Vulcano;Lamacciaio;lamacciaio_at_prova.png;;;;;;;lamacciaio_at.png;retro_s2.png;;Bustina Edicola|Bustina Giocheria|Blister;1;0;0;0
153;Atomic;Popolo del Vulcano;Incaldescente Fantasma;incaldescentefantasma_at_prova.png;;;;;;;incaldescentefantasma_at.png;retro_s2.png;;Bustina Edicola|Bustina Giocheria|Blister;1;0;0;0
154;Atomic;Popolo del Vulcano;Bombos;bombos_at_prova.png;;;;;;;bombos_at.png;retro_s2.png;;Monte Vulcano;1;0;0;0
155;Atomic;Popolo della Terra;Gheos;gheos_at_prova.png;;;;;;;gheos_at.png;retro_s2.png;;Magazine 1;0;0;0;0
156;Atomic;Popolo della Foresta;Tasarau;tasarau_at_prova.png;;;;;;;tasarau_at.png;retro_s2.png;;Magazine 2;0;0;0;0
159;Atomic;Popolo del Mare;Poivrons;poivrons_at_prova.png;;;;;;;poivrons_at.png;retro_s2.png;;Magazine 5;0;0;0;0
158;Atomic;Popolo dell'Aria;Noctis;noctis_at_prova.png;;;;;;;noctis_at.png;retro_s2.png;;Magazine 4;0;0;0;0
157;Atomic;Popolo del Magma;Magmion;magmion_at_prova.png;;;;;;;magmion_at.png;retro_s2.png;;Magazine 3;0;0;0;0
160;Atomic;Popolo della Lava;Lavion;lavion_at_prova.png;;;;;;;lavion_at.png;retro_s2.png;;Magazine 6;0;0;0;0
161;Atomic;Popolo della Terra;Lanciamassi;placeholder.jpg;;;;;;;;;IL LANCIAMASSI|“Potenza della terra a me!!! Nel palmo della mia mano posso raccogliere l’intera energia della roccia… Fuggite tutti! Prima che decida di scagliarvela contro!”|Lanciamassi, l’artiglieria del Popolo della Terra, i massi da lui scagliati possono raggiungere leghe e leghe di distanza!;Minimagnetici;0;0;0;0
162;Atomic;Popolo della Terra;Mangiaterra;mangiaterra_at_magnetic_prova.png;;;;;;;;;IL MANGIATERRA|“Se prima grazie ai miei poteri potevo fondere ciò che toccavo con le mie magiche mani, ora, grazie alle Gemme di Muscor posso addirittura creare e sparare sfere di Energia Pura!!!”|State attenti!! Mangiaterra, vi osserva!!!;Minimagnetici;0;0;0;0
163;Atomic;Popolo della Foresta;Sentinella Antica;placeholder.jpg;;;;;;;;;SENTINELLA ANTICA|Scorbutica e crudele, svolge impeccabile il suo compito…Se le sue braccia ti avvinghiano, non sprecare fiato… non hai speranza di fuga, ma solo pochi secondi per assaporare la vita che fra pochi attimi se ne andrà…;Minimagnetici;0;0;0;0
164;Atomic;Popolo della Foresta;Sporius;sporius_at_magnetic_prova.png;;;;;;;;;SPORIUS, IL TERRIBILE|Nessuno può raccontare cosa si prova nel respirare le sue spore… perché nessuno è mai sopravvissuto a tale esperienza!|Il suo sguardo è ipnotico, le sue spore ti ammaliano, ma poi… solo un tunnel buoi da cui non c’è risveglio!;Minimagnetici;0;0;0;0
165;Atomic;Popolo del Mare;Cavarex;cavarex_at_magnetic_prova.png;;;;;;;;;CAVAREX, IL SERGENTE DEI MARI|Un tempo piccolo essere innocuo, ora dopo la discesa nella Fossa degli Spiriti, anche lui potenziato e pericoloso.|I suoi occhi ti ipnotizzano, mentre misteriose scariche elettriche ti paralizzano…|In attesa che qualche suo amico gli dia il colpo di grazia!!!;Minimagnetici;0;0;0;0
166;Atomic;Popolo del Mare;Tartantica;tartantica_at_magnetic_prova.png;;;;;;;;;TARTANTICA, LA VEGGENTE|Tutti la interpellano per sapere come finirà la guerra… lei lo sa, ma mai lo dirà!!!|I suoi poteri, ora ancora più forti le fanno vedere tutto in anticipo… Nonostante questo lei non rivela mai niente per non influire sugli eventi…|“… Il 'tempo' è uno strano meccanismo che non può essere influenzato…”;Minimagnetici;0;0;0;0
167;Atomic;Popolo dell'Aria;Dragon;placeholder.jpg;;;;;;;;;DRAGON, IL LETALE|Veloce e scattante è quasi impossibile catturarlo… Da quando il suo corpo si è trasformato è diventato una perfetta macchina da guerra!!!|“… i suoi occhi ti ipnotizzano… la sua coda ti distrugge… Questo è ciò che è oggi Dragon, il Letale!!!”;Minimagnetici;0;0;0;0
168;Atomic;Popolo dell'Aria;Vorticus;placeholder.jpg;;;;;;;;;"VORTICUS, IL TORMENTATORE|Arma letale nelle mani sbagliate!!!|Altre parole non ci sono per questo signore dei venti! Da quando il suo corpo ha subito la “trasformazione"", la sua potenza non ha più limiti!";Minimagnetici;0;0;0;0
169;Atomic;Popolo del Vulcano;Incaldescente Fantasma;placeholder.jpg;;;;;;;;;L'INCALDESCENTE FANTASMA|Creato e costituito da lava, per lui la trasformazione è naturale.|Grazie alla nuova magia di Magor, anche lui riesce ad assorbire direttamente la potenza dal magma.|Oltre a potersi trasformare in ciò che vuole può lanciare parti del proprio corpo, usandoli come proiettili incandescenti.;Minimagnetici;0;0;0;0
170;Atomic;Popolo del Vulcano;Bombos;placeholder.jpg;;;;;;;;;BOMBOS, POTENZA DI FUOCO|Ora che il suo corpo può anche assorbire l’energia della Lava è diventata una vera e propria corazzata indistruttibile di fuoco!|“Vi colpirò con i miei lapilli infuocati!”;Minimagnetici;0;0;0;0
171;III Serie;Popolo della Terra;Antico Thorg;anticothorg_s3_prova.png;;;;;;;anticothorg_s3.png;retro_s3.png;;Bustina Edicola|Bustina Giocheria|Blister;1;0;0;0
172;III Serie;Popolo della Terra;Rock;rock_s3_prova.png;;;;;;;rock_s3.png;retro_s3.png;;Bustina Edicola|Bustina Giocheria|Blister;1;0;0;0
173;III Serie;Popolo della Terra;Sabis;sabis_s3_prova.png;;;;;;;sabis_s3.png;retro_s3.png;;Bustina Edicola|Bustina Giocheria|Blister;1;0;0;0
174;III Serie;Popolo della Terra;Opale Nero;opalenero_s3_prova.png;;;;;;;opalenero_s3.png;retro_s3.png;;Bustina Giocheria|Blister;1;0;0;0
175;III Serie;Popolo della Terra;Irpido Roccioso;irpidoroccioso_s3_prova.png;;;;;;;irpidoroccioso_s3.png;retro_s3.png;;Bustina Edicola;1;0;0;0
176;III Serie;Popolo della Terra;Fossil;fossil_s3_prova.png;;;;;;;fossil_s3.png;retro_s3.png;;Magic Egg|Playset;1;0;0;0
177;III Serie;Popolo della Foresta;Grandalbero;grandalbero_s3_prova.png;;;;;;;grandalbero_s3.png;retro_s3.png;;Bustina Edicola|Bustina Giocheria|Blister;1;0;0;0
178;III Serie;Popolo della Foresta;Battiquercia;battiquercia_s3_prova.png;;;;;;;battiquercia_s3.png;retro_s3.png;;Bustina Edicola|Bustina Giocheria|Blister;1;0;0;0
179;III Serie;Popolo della Foresta;Paludis;paludis_s3_prova.png;;;;;;;paludis_s3.png;retro_s3.png;;Bustina Edicola|Bustina Giocheria|Blister;1;0;0;0
180;III Serie;Popolo della Foresta;Muschioantico;muschiantico_s3_prova.png;;;;;;;muschioantico_s3.png;retro_s3.png;;Bustina Giocheria|Blister;1;0;0;0
181;III Serie;Popolo della Foresta;Ramartiglio;ramartiglio_s3_prova.png;;;;;;;ramartiglio_s3.png;retro_s3.png;;Bustina Edicola;1;0;0;0
182;III Serie;Popolo della Foresta;Magitronco;magitronco_s3_prova.png;;;;;;;magitronco_s3.png;retro_s3.png;;Magic Egg|Playset;1;0;0;0
183;III Serie;Popolo del Mare;Nobilmantis;nobilmantis_s3_prova.png;;;;;;;nobilmantis_s3.png;retro_s3.png;;Bustina Edicola|Bustina Giocheria|Blister;1;0;0;0
184;III Serie;Popolo del Mare;Linguacida;linguacida_s3_prova.png;;;;;;;linguacida_s3.png;retro_s3.png;;Bustina Edicola|Bustina Giocheria|Blister;1;0;0;0
185;III Serie;Popolo del Mare;Imprevedibile Silente;imprevedibilesilente_s3_prova.png;;;;;;;imprevedibilesilente_s3.png;retro_s3.png;;Bustina Edicola|Bustina Giocheria|Blister;1;0;0;0
186;III Serie;Popolo del Mare;Narvalion;narvalion_s3_prova.png;;;;;;;narvalion_s3.png;retro_s3.png;;Bustina Giocheria|Blister;1;0;0;0
187;III Serie;Popolo del Mare;Squalis;squalis_s3_prova.png;;;;;;;squalis_s3.png;retro_s3.png;;Bustina Edicola;1;0;0;0
188;III Serie;Popolo del Mare;Tentaclos;tentaclos_s3_prova.png;;;;;;;tentaclos_s3.png;retro_s3.png;;Magic Egg|Playset;1;0;0;0
189;III Serie;Popolo dell'Aria;Devilfenix;devilfenix_s3_prova.png;;;;;;;devilfenix_s3.png;retro_s3.png;;Bustina Edicola|Bustina Giocheria|Blister;1;0;0;0
190;III Serie;Popolo dell'Aria;Mistica Falena;misticafalena_s3_prova.png;;;;;;;misticafalena_s3.png;retro_s3.png;;Bustina Edicola|Bustina Giocheria|Blister;1;0;0;0
191;III Serie;Popolo dell'Aria;Beccoduro;beccoduro_s3_prova.png;;;;;;;beccoduro_s3.png;retro_s3.png;;Bustina Edicola|Bustina Giocheria|Blister;1;0;0;0
192;III Serie;Popolo dell'Aria;Dragon;dragon_s3_prova.png;;;;;;;dragon_s3.png;retro_s3.png;;Bustina Giocheria|Blister;1;0;0;0
193;III Serie;Popolo dell'Aria;Crudelion;crudelion_s3_prova.png;;;;;;;crudelion_s3.png;retro_s3.png;;Bustina Edicola;1;0;0;0
194;III Serie;Popolo dell'Aria;Magufo;magufo_s3_prova.png;;;;;;;magufo_s3.png;retro_s3.png;;Magic Egg|Playset;1;0;0;0
195;III Serie;Popolo del Vulcano;Armageddon;armageddon_s3_prova.png;;;;;;;armageddon_s3.png;retro_s3.png;;Bustina Edicola|Bustina Giocheria|Blister;1;0;0;0
196;III Serie;Popolo del Vulcano;Navus;navus_s3_prova.png;;;;;;;navus_s3.png;retro_s3.png;;Bustina Edicola|Bustina Giocheria|Blister;1;0;0;0
197;III Serie;Popolo del Vulcano;Skorpions;skorpios_s3_prova.png;;;;;;;skorpions_s3.png;retro_s3.png;;Bustina Edicola|Bustina Giocheria|Blister;1;0;0;0
198;III Serie;Popolo del Vulcano;Forgius;forgius_s3_prova.png;;;;;;;forgius_s3.png;retro_s3.png;;Bustina Giocheria|Blister;1;0;0;0
199;III Serie;Popolo del Vulcano;Sentinel;sentinel_s3_prova.png;;;;;;;sentinel_s3.png;retro_s3.png;;Bustina Edicola;1;0;0;0
200;III Serie;Popolo del Vulcano;Brags;brags_s3_prova.png;;;;;;;brags_s3.png;retro_s3.png;;Magic Egg|Playset;1;0;0;0
201;III Serie;Popolo della Luce;Sommo Luminescente;sommoluminescente_s3_prova.png;;;;;;;sommoluminescente_s3.png;retro_s3.png;;Bustina Edicola|Bustina Giocheria|Blister;1;0;0;0
202;III Serie;Popolo della Luce;Comet;comet_s3_prova.png;;;;;;;comet_s3.png;retro_s3.png;;Bustina Edicola|Bustina Giocheria|Blister;1;0;0;0
203;III Serie;Popolo della Luce;Accecante Guardiano;accecanteguardiano_s3_prova.png;;;;;;;accecanteguardiano_s3.png;retro_s3.png;;Bustina Edicola|Bustina Giocheria|Blister;1;0;0;0
204;III Serie;Popolo della Luce;Prismagon;prismagon_s3_prova.png;;;;;;;prismagon_s3.png;retro_s3.png;;Bustina Giocheria|Blister;1;0;0;0
205;III Serie;Popolo della Luce;Electricante;electricante_s3_prova.png;;;;;;;electricante_s3.png;retro_s3.png;;Bustina Edicola;1;0;0;0
206;III Serie;Popolo della Luce;Solaris;solaris_s3_prova.png;;;;;;;solaris_s3.png;retro_s3.png;;Magic Egg|Playset;1;0;0;0
207;III Serie;Popolo delle Tenebre;Obscurio;obscurio_s3_prova.png;;;;;;;obscurios_s3.png;retro_s3.png;;Bustina Edicola|Bustina Giocheria|Blister;1;0;0;0
208;III Serie;Popolo delle Tenebre;Lunaris;lunaris_s3_prova.png;;;;;;;lunaris_s3.png;retro_s3.png;;Bustina Edicola|Bustina Giocheria|Blister;1;0;0;0
209;III Serie;Popolo delle Tenebre;Ombrassassina;ombrassassina_s3_prova.png;;;;;;;ombrassasina_s3.png;retro_s3.png;;Bustina Edicola|Bustina Giocheria|Blister;1;0;0;0
210;III Serie;Popolo delle Tenebre;Pantanera;pantanera_s3_prova.png;;;;;;;pantanera_s3.png;retro_s3.png;;Bustina Giocheria|Blister;1;0;0;0
211;III Serie;Popolo delle Tenebre;Spiritonero;spiritonero_s3_prova.png;;;;;;;spiritonero_s3.png;retro_s3.png;;Bustina Edicola;1;0;0;0
212;III Serie;Popolo delle Tenebre;Buconero;buconero_s3_prova.png;;;;;;;buconero_s3.png;retro_s3.png;;Magic Egg|Playset;1;0;0;0
214;III Serie;Popolo della Foresta;Grandalbero Magazine;grandalbero_m_s3_prova.png;;;;;;;grandalbero_m_s3.png;retro_m_s3.png;;Magazine 11;0;0;0;0
213;III Serie;Popolo dell'Aria;Devilfenix Magazine;devilfenix_m_s3_prova.png;;;;;;;devilfenix_m_s3.png;retro_m_s3.png;;Magazine 10;0;0;0;0
215;Mythos;Popolo della Terra;Antico Thorg;anticothorg_mythos_prova.png;;;;;;;anticothorg_mythos.png;retro_mythos.png;;Bustina Edicola|Bustina Giocheria|Blister;1;0;0;0
216;Mythos;Popolo della Terra;Rock;rock_mythos_prova.png;;;;;;;rock_mythos.png;retro_mythos.png;;Bustina Giocheria|Blister;1;0;0;0
217;Mythos;Popolo della Terra;Sabis;sabis_mythos_prova.png;;;;;;;sabis_mythos.png;retro_mythos.png;;Bustina Giocheria|Blister;1;0;0;0
218;Mythos;Popolo della Terra;Opale Nero;opalenero_mythos_prova.png;;;;;;;opalenero_mythos.png;retro_mythos.png;;Bustina Giocheria|Blister;1;0;0;0
219;Mythos;Popolo della Terra;Fossil;fossil_mythos_prova.png;;;;;;;fossil_mythos.png;retro_mythos.png;;Bustina Giocheria|Blister;1;0;0;0
220;Mythos;Popolo della Terra;Irpido Roccioso;irpidoroccioso_mythos_prova.png;;;;;;;irpidoroccioso_mythos.png;retro_mythos.png;;Bustina Edicola;1;0;0;0
221;Mythos;Popolo della Foresta;Grandalbero;grandalbero_mythos_prova.png;;;;;;;grandalbero_mythos.png;retro_mythos.png;;Bustina Edicola|Bustina Giocheria|Blister;1;0;0;0
222;Mythos;Popolo della Foresta;Battiquercia;battiquercia_mythos_prova.png;;;;;;;battiquercia_mythos.png;retro_mythos.png;;Bustina Giocheria|Blister;1;0;0;0
223;Mythos;Popolo della Foresta;Paludis;paludis_mythos_prova.png;;;;;;;paludis_mythos.png;retro_mythos.png;;Bustina Giocheria|Blister;1;0;0;0
224;Mythos;Popolo della Foresta;Muschioantico;muschiantico_mythos_prova.png;;;;;;;muschioantico_mythos.png;retro_mythos.png;;Bustina Giocheria|Blister;1;0;0;0
225;Mythos;Popolo della Foresta;Magitronco;magitronco_mythos_prova.png;;;;;;;magitronco_mythos.png;retro_mythos.png;;Bustina Giocheria|Blister;1;0;0;0
226;Mythos;Popolo della Foresta;Ramartiglio;ramartiglio_mythos_prova.png;;;;;;;ramartiglio_mythos.png;retro_mythos.png;;Bustina Edicola;1;0;0;0
227;Mythos;Popolo del Mare;Nobilmantis;nobilmantis_mythos_prova.png;;;;;;;nobilmantis_mythos.png;retro_mythos.png;;Bustina Edicola|Bustina Giocheria|Blister;1;0;0;0
228;Mythos;Popolo del Mare;Linguacida;linguacida_mythos_prova.png;;;;;;;linguacida_mythos.png;retro_mythos.png;;Bustina Giocheria|Blister;1;0;0;0
229;Mythos;Popolo del Mare;Imprevedibile Silente;imprevedibilesilente_mythos_prova.png;;;;;;;imprevedibilesilente_mythos.png;retro_mythos.png;;Bustina Giocheria|Blister;1;0;0;0
230;Mythos;Popolo del Mare;Narvalion;narvalion_mythos_prova.png;;;;;;;narvalion_mythos.png;retro_mythos.png;;Bustina Giocheria|Blister;1;0;0;0
231;Mythos;Popolo del Mare;Tentaclos;tentaclos_mythos_prova.png;;;;;;;tentaclos_mythos.png;retro_mythos.png;;Bustina Giocheria|Blister;1;0;0;0
232;Mythos;Popolo del Mare;Squalis;squalis_mythos_prova.png;;;;;;;squalis_mythos.png;retro_mythos.png;;Bustina Edicola;1;0;0;0
233;Mythos;Popolo dell'Aria;Devilfenix;devilfenix_mythos_prova.png;;;;;;;devilfenix_mythos.png;retro_mythos.png;;Bustina Edicola|Bustina Giocheria|Blister;1;0;0;0
234;Mythos;Popolo dell'Aria;Mistica Falena;misticafalena_mythos_prova.png;;;;;;;misticafalena_mythos.png;retro_mythos.png;;Bustina Giocheria|Blister;1;0;0;0
235;Mythos;Popolo dell'Aria;Beccoduro;beccoduro_mythos_prova.png;;;;;;;beccoduro_mythos.png;retro_mythos.png;;Bustina Giocheria|Blister;1;0;0;0
236;Mythos;Popolo dell'Aria;Dragon;dragon_mythos_prova.png;;;;;;;dragon_mythos.png;retro_mythos.png;;Bustina Giocheria|Blister;1;0;0;0
237;Mythos;Popolo dell'Aria;Magufo;magufo_mythos_prova.png;;;;;;;magufo_mythos.png;retro_mythos.png;;Bustina Giocheria|Blister;1;0;0;0
238;Mythos;Popolo dell'Aria;Crudelion;crudelion_mythos_prova.png;;;;;;;crudelion_mythos.png;retro_mythos.png;;Bustina Edicola;1;0;0;0
239;Mythos;Popolo del Vulcano;Armageddon;armageddon_mythos_prova.png;;;;;;;armageddon_mythos.png;retro_mythos.png;;Bustina Edicola|Bustina Giocheria|Blister;1;0;0;0
240;Mythos;Popolo del Vulcano;Navus;navus_mythos_prova.png;;;;;;;navus_mythos.png;retro_mythos.png;;Bustina Giocheria|Blister;1;0;0;0
241;Mythos;Popolo del Vulcano;Skorpions;skorpios_mythos_prova.png;;;;;;;skorpions_mythos.png;retro_mythos.png;;Bustina Giocheria|Blister;1;0;0;0
242;Mythos;Popolo del Vulcano;Forgius;forgius_mythos_prova.png;;;;;;;forgius_mythos.png;retro_mythos.png;;Bustina Giocheria|Blister;1;0;0;0
243;Mythos;Popolo del Vulcano;Brags;brags_mythos_prova.png;;;;;;;brags_mythos.png;retro_mythos.png;;Bustina Giocheria|Blister;1;0;0;0
244;Mythos;Popolo del Vulcano;Sentinel;sentinel_mythos_prova.png;;;;;;;sentinel_mythos.png;retro_mythos.png;;Bustina Edicola;1;0;0;0
245;Mythos;Popolo della Luce;Sommo Luminescente;sommoluminescente_mythos_prova.png;;;;;;;sommoluminescente_mythos.png;retro_mythos.png;;Bustina Edicola|Bustina Giocheria|Blister;1;0;0;0
246;Mythos;Popolo della Luce;Comet;comet_mythos_prova.png;;;;;;;comet_mythos.png;retro_mythos.png;;Bustina Giocheria|Blister;1;0;0;0
247;Mythos;Popolo della Luce;Accecante Guardiano;accecanteguardiano_mythos_prova.png;;;;;;;accecanteguardiano_mythos.png;retro_mythos.png;;Bustina Giocheria|Blister;1;0;0;0
248;Mythos;Popolo della Luce;Prismagon;prismagon_mythos_prova.png;;;;;;;prismagon_mythos.png;retro_mythos.png;;Bustina Giocheria|Blister;1;0;0;0
249;Mythos;Popolo della Luce;Solaris;solaris_mythos_prova.png;;;;;;;solaris_mythons.png;retro_mythos.png;;Bustina Giocheria|Blister;1;0;0;0
250;Mythos;Popolo della Luce;Electricante;electricante_mythos_prova.png;;;;;;;electricante_mythos.png;retro_mythos.png;;Bustina Edicola;1;0;0;0
251;Mythos;Popolo delle Tenebre;Obscurio;obscurio_mythos_prova.png;;;;;;;obscurios_mythos.png;retro_mythos.png;;Bustina Edicola|Bustina Giocheria|Blister;1;0;0;0
252;Mythos;Popolo delle Tenebre;Lunaris;lunaris_mythos_prova.png;;;;;;;lunaris_mythos.png;retro_mythos.png;;Bustina Giocheria|Blister;1;0;0;0
253;Mythos;Popolo delle Tenebre;Ombrassassina;ombrassassina_mythos_prova.png;;;;;;;ombrassasina_mythos.png;retro_mythos.png;;Bustina Giocheria|Blister;1;0;0;0
254;Mythos;Popolo delle Tenebre;Pantanera;pantanera_mythos_prova.png;;;;;;;pantanera_mythos.png;retro_mythos.png;;Bustina Giocheria|Blister;1;0;0;0
255;Mythos;Popolo delle Tenebre;Buconero;buconero_mythos_prova.png;;;;;;;buconero_mythos.png;retro_mythos.png;;Bustina Giocheria|Blister;1;0;0;0
256;Mythos;Popolo delle Tenebre;Spiritonero;spiritonero_mythos_provawebp.png;;;;;;;spiritonero_mythos.png;retro_mythos.png;;Bustina Edicola;1;0;0;0
261;Mythos;Popolo della Terra;Schienacciaio;schienacciaio_mythos_prova.png;;;;;;;schienacciaio_mythos.png;retro_m_mythos.png;;Magazine 17;0;0;0;0
263;Mythos;Popolo della Terra;Gravitus;gravitus_mythos_prova.png;;;;;;;gravitus_mythos.png;retro_m_mythos.png;;Magazine 19;0;0;0;0
259;Mythos;Popolo della Foresta;Picchiatore;picchiatore_mythos_prova.png;;;;;;;picchiatore_mythos.png;retro_m_mythos.png;;Magazine 15;0;0;0;0
260;Mythos;Popolo del Mare;Mantra;mantra_mythos_prova.png;;;;;;;mantra_mythos.png;retro_m_mythos.png;;Magazine 16;0;0;0;0
258;Mythos;Popolo dell'Aria;Pungolo;pungolo_mythos_prova.png;;;;;;;pungolo_mythos.png;retro_m_mythos.png;;Magazine 14;0;0;0;0
257;Mythos;Popolo del Magma;Strappapensieri;strappapensieri_mythos_prova.png;;;;;;;strappapensieri_mythos.png;retro_m_mythos.png;;Magazine 13;0;0;0;0
264;Mythos;Popolo della Lava;Mastodontico;mastodontico_mythos_prova.png;;;;;;;mastodontico_mythos.png;retro_m_mythos.png;;Magazine 20;0;0;0;0
262;Mythos;Popolo della Lava;Malvagius;malvagius_mythos_prova.png;;;;;;;malvagius_mythos.png;retro_m_mythos.png;;Magazine 18;0;0;0;0
265;Energheia;Popolo della Terra;Gheos;gheos_en_prova.png;;;;;;;gheos_en.png;retro_en.png;;Blister Giocheria;1;0;0;0
266;Energheia;Popolo della Terra;Trematerra;trematerra_en_prova.png;;;;;;;trematerra_en.png;retro_en.png;;Blister Giocheria;1;0;0;0
267;Energheia;Popolo della Terra;Schienacciaio;schienacciaio_en_prova.png;;;;;;;schienacciaio_en.png;retro_en.png;;Blister Giocheria;1;0;0;0
268;Energheia;Popolo della Terra;Furia Cieca;furiacieca_en_prova.png;;;;;;;furiacieca_en.png;retro_en.png;;Blister Giocheria;1;0;0;0
269;Energheia;Popolo della Terra;Gravitus;gravitus_en_prova.png;;;;;;;gravitus_en.png;retro_en.png;;Blister Giocheria;1;0;0;0
270;Energheia;Popolo della Terra;Talps;talps_en_prova.png;;;;;;;talps_en.png;retro_en.png;;Blister Giocheria;1;0;0;0
271;Energheia;Popolo della Terra;Scovanascondigli;scovanascondigli_en_prova.png;;;;;;;scovanascondigli_en.png;retro_en.png;;Blister Giocheria;1;0;0;0
272;Energheia;Popolo della Foresta;Tasarau;tasarau_en_prova.png;;;;;;;tasarau_en.png;retro_en.png;;Bustina Edicola|Bustina Giocheria;1;0;0;0
273;Energheia;Popolo della Foresta;Mimeticus;mimeticus_en_prova.png;;;;;;;mimeticus_en.png;retro_en.png;;Bustina Edicola|Bustina Giocheria;1;0;0;0
274;Energheia;Popolo della Foresta;Saggio Distruttore;saggiodistruttore_en_prova.png;;;;;;;saggiodistruttore_en.png;retro_en.png;;Bustina Edicola|Bustina Giocheria;1;0;0;0
275;Energheia;Popolo della Foresta;Florus;florus_en_prova.png;;;;;;;florus_en.png;retro_en.png;;Bustina Edicola|Bustina Giocheria;1;0;0;0
276;Energheia;Popolo della Foresta;Frusta Letale;frustaletale_en_prova.png;;;;;;;frustaletale_en.png;retro_en.png;;Bustina Edicola|Bustina Giocheria;1;0;0;0
277;Energheia;Popolo della Foresta;Strapparami;strapparami_en_prova.png;;;;;;;strapparami_en.png;retro_en.png;;Bustina Edicola|Bustina Giocheria;1;0;0;0
278;Energheia;Popolo della Foresta;Picchiatore;picchiatore_en_prova.png;;;;;;;picchiatore_en.png;retro_en.png;;Bustina Edicola|Bustina Giocheria;1;0;0;0
279;Energheia;Popolo del Mare;Poivrons;poivrons_en_prova.png;;;;;;;poivrons_en.png;retro_en.png;;Bustina Edicola;1;0;0;0
280;Energheia;Popolo del Mare;Medusantica;medusantica_en_prova.png;;;;;;;medusantica_en.png;retro_en.png;;Bustina Edicola;1;0;0;0
281;Energheia;Popolo del Mare;Martello;martello_en_prova.png;;;;;;;martello_en.png;retro_en.png;;Bustina Edicola;1;0;0;0
282;Energheia;Popolo del Mare;Mantra;mantra_en_prova.png;;;;;;;mantra_en.png;retro_en.png;;Bustina Edicola;1;0;0;0
283;Energheia;Popolo del Mare;Tenaglia;tenaglia_en_prova.png;;;;;;;tenaglia_en.png;retro_en.png;;Bustina Edicola;1;0;0;0
284;Energheia;Popolo del Mare;Grankios;grankios_en_prova.png;;;;;;;grankios_en.png;retro_en.png;;Bustina Edicola;1;0;0;0
285;Energheia;Popolo del Mare;Delos;delos_en_prova.png;;;;;;;delos_en.png;retro_en.png;;Bustina Edicola;1;0;0;0
286;Energheia;Popolo dell'Aria;Noctis;noctis_en_prova.png;;;;;;;noctis_en.png;retro_en.png;;Bustina Giocheria;1;0;0;0
287;Energheia;Popolo dell'Aria;Magica Vedetta;magicavedetta_en_prova.png;;;;;;;magicavedetta_en.png;retro_en.png;;Bustina Giocheria;1;0;0;0
288;Energheia;Popolo dell'Aria;Pungolo;pungolo_en_prova.png;;;;;;;pungolo_en.png;retro_en.png;;Bustina Giocheria;1;0;0;0
289;Energheia;Popolo dell'Aria;Aquila Solitaria;aquilasolitaria_en_prova.png;;;;;;;aquilasolitaria_en.png;retro_en.png;;Bustina Giocheria;1;0;0;0
290;Energheia;Popolo dell'Aria;Severo Guardiano;severoguardiano_en_prova.png;;;;;;;severoguardiano_en.png;retro_en.png;;Bustina Giocheria;1;0;0;0
291;Energheia;Popolo dell'Aria;Alos;alos_en_prova.png;;;;;;;alos_en.png;retro_en.png;;Bustina Giocheria;1;0;0;0
292;Energheia;Popolo dell'Aria;Becco D'Acciaio;beccodacciaio_en_prova.png;;;;;;;beccodacciaio_en.png;retro_en.png;;Bustina Giocheria;1;0;0;0
293;Energheia;Popolo del Magma;Magmion;magmion_en_prova.png;;;;;;;magmion_en.png;retro_en.png;;Isola di Gorm;1;0;0;0
294;Energheia;Popolo del Magma;Electricon;electricon_en_prova.png;;;;;;;electricon_en.png;retro_en.png;;Isola di Gorm;1;0;0;0
295;Energheia;Popolo del Magma;Strappapensieri;strappapensieri_en_prova.png;;;;;;;strappapensieri_en.png;retro_en.png;;Isola di Gorm;1;0;0;0
296;Energheia;Popolo del Magma;Maglio Infuocato;maglioinfuocato_en_prova.png;;;;;;;maglioinfuocato_en.png;retro_en.png;;Isola di Gorm;1;0;0;0
297;Energheia;Popolo del Magma;Insecticus;insecticus_en_prova.png;;;;;;;insecticus_en.png;retro_en.png;;Isola di Gorm;1;0;0;0
298;Energheia;Popolo del Magma;Aracno;aracno_en_prova.png;;;;;;;aracno_en.png;retro_en.png;;Isola di Gorm;1;0;0;0
299;Energheia;Popolo del Magma;Guardiano Urlante;guardianourlante_en_prova.png;;;;;;;guardianourlante_en.png;retro_en.png;;Isola di Gorm;1;0;0;0
300;Energheia;Popolo della Lava;Lavion;lavion_en_prova.png;;;;;;;lavion_en.png;retro_en.png;;Bustina Giocheria;1;0;0;0
301;Energheia;Popolo della Lava;Anonimo Multiforme;anonimomultiforme_en_prova.png;;;;;;;anonimomultiforme_en.png;retro_en.png;;Bustina Giocheria;1;0;0;0
302;Energheia;Popolo della Lava;Mastodontico;mastodontico_en_prova.png;;;;;;;mastodontico_en.png;retro_en.png;;Bustina Giocheria;1;0;0;0
303;Energheia;Popolo della Lava;Sparafuoco;sparafuoco_en_prova.png;;;;;;;sparafuoco_en.png;retro_en.png;;Bustina Giocheria;1;0;0;0
304;Energheia;Popolo della Lava;Malvagius;malvagius_en_prova.png;;;;;;;malvagius_en.png;retro_en.png;;Bustina Giocheria;1;0;0;0
305;Energheia;Popolo della Lava;Lavor;lavor_en_prova.png;;;;;;;lavor_en.png;retro_en.png;;Bustina Giocheria;1;0;0;0
306;Energheia;Popolo della Lava;Angelo Infuocato;angeloinfuocato_en_prova.png;;;;;;;angeloinfuocato_en.png;retro_en.png;;Bustina Giocheria;1;0;0;0
308;Energheia;Popolo della Terra;Schienacciaio Magazine;schienacciaio_en_prova.png;;;;;;;schienacciaio_m_en.png;retro_m_en.png;;Magazine 9;0;0;0;0
307;Energheia;Popolo della Foresta;Picchiatore Magazine;picchiatore_en_prova.png;;;;;;;picchiatore_m_en.png;retro_m_en.png;;Magazine 8;0;0;0;0
309;Final Evolution;Popolo della Terra;Gheos;gheos_fe_prova.png;;;;;;;gheos_fe.png;retro_fe.png;;Blister Giocheria;1;0;0;0
310;Final Evolution;Popolo della Terra;Trematerra;trematerra_fe_prova.png;;;;;;;trematerra_fe.png;retro_fe.png;;Blister Giocheria;1;0;0;0
311;Final Evolution;Popolo della Terra;Schienacciaio;schienacciaio_fe_prova.png;;;;;;;schienacciaio_fe.png;retro_fe.png;;Blister Giocheria;1;0;0;0
312;Final Evolution;Popolo della Terra;Furia Cieca;furiacieca_fe_prova.png;;;;;;;furiacieca_fe.png;retro_fe.png;;Blister Giocheria;1;0;0;0
313;Final Evolution;Popolo della Terra;Gravitus;gravitus_fe_prova.png;;;;;;;gravitus_fe.png;retro_fe.png;;Blister Giocheria;1;0;0;0
314;Final Evolution;Popolo della Terra;Talps;talps_fe_prova.png;;;;;;;talps_fe.png;retro_fe.png;;Blister Giocheria;1;0;0;0
315;Final Evolution;Popolo della Terra;Scovanascondigli;scovanascondigli_fe_prova.png;;;;;;;scovanascondigli_fe.png;retro_fe.png;;Blister Giocheria;1;0;0;0
316;Final Evolution;Popolo della Foresta;Tasarau;tasarau_fe_prova.png;;;;;;;tasarau_fe.png;retro_fe.png;;Bustina Edicola|Bustina Giocheria|Blister;1;0;0;0
317;Final Evolution;Popolo della Foresta;Mimeticus;mimeticus_fe_prova.png;;;;;;;mimeticus_fe.png;retro_fe.png;;Bustina Edicola|Bustina Giocheria|Blister;1;0;0;0
318;Final Evolution;Popolo della Foresta;Saggio Distruttore;saggiodistruttore_fe_prova.png;;;;;;;saggiodistruttore_fe.png;retro_fe.png;;Bustina Edicola|Bustina Giocheria|Blister;1;0;0;0
319;Final Evolution;Popolo della Foresta;Florus;florus_fe_prova.png;;;;;;;florus_fe.png;retro_fe.png;;Bustina Edicola|Bustina Giocheria|Blister;1;0;0;0
320;Final Evolution;Popolo della Foresta;Frusta Letale;frustaletale_fe_prova.png;;;;;;;frustaletale_fe.png;retro_fe.png;;Bustina Edicola|Bustina Giocheria|Blister;1;0;0;0
321;Final Evolution;Popolo della Foresta;Strapparami;strapparami_fe_prova.png;;;;;;;strapparami_fe.png;retro_fe.png;;Bustina Edicola|Bustina Giocheria|Blister;1;0;0;0
322;Final Evolution;Popolo della Foresta;Picchiatore;picchiatore_fe_prova.png;;;;;;;picchiatore_fe.png;retro_fe.png;;Bustina Edicola|Bustina Giocheria|Blister;1;0;0;0
323;Final Evolution;Popolo del Mare;Poivrons;poivrons_fe_prova.png;;;;;;;poivrons_fe.png;retro_fe.png;;Bustina Giocheria|Blister;1;0;0;0
324;Final Evolution;Popolo del Mare;Medusantica;medusantica_fe_prova.png;;;;;;;medusantica_fe.png;retro_fe.png;;Bustina Giocheria|Blister;1;0;0;0
325;Final Evolution;Popolo del Mare;Martello;martello_fe_prova.png;;;;;;;martello_fe.png;retro_fe.png;;Bustina Giocheria|Blister;1;0;0;0
326;Final Evolution;Popolo del Mare;Mantra;mantra_fe_prova.png;;;;;;;mantra_fe.png;retro_fe.png;;Bustina Giocheria|Blister;1;0;0;0
327;Final Evolution;Popolo del Mare;Tenaglia;tenaglia_fe_prova.png;;;;;;;tenaglia_fe.png;retro_fe.png;;Bustina Giocheria|Blister;1;0;0;0
328;Final Evolution;Popolo del Mare;Grankios;grankios_fe_prova.png;;;;;;;grankios_fe.png;retro_fe.png;;Bustina Giocheria|Blister;1;0;0;0
329;Final Evolution;Popolo del Mare;Delos;delos_fe_prova.png;;;;;;;delos_fe.png;retro_fe.png;;Bustina Giocheria|Blister;1;0;0;0
330;Final Evolution;Popolo dell'Aria;Noctis;noctis_fe_prova.png;;;;;;;noctis_fe.png;retro_fe.png;;Bustina Giocheria|Blister;1;0;0;0
331;Final Evolution;Popolo dell'Aria;Magica Vedetta;magicavedetta_fe_prova.png;;;;;;;magicavedetta_fe.png;retro_fe.png;;Bustina Giocheria|Blister;1;0;0;0
332;Final Evolution;Popolo dell'Aria;Pungolo;pungolo_fe_prova.png;;;;;;;pungolo_fe.png;retro_fe.png;;Bustina Giocheria|Blister;1;0;0;0
333;Final Evolution;Popolo dell'Aria;Aquila Solitaria;aquilasolitaria_fe_prova.png;;;;;;;aquilasolitaria_fe.png;retro_fe.png;;Bustina Giocheria|Blister;1;0;0;0
334;Final Evolution;Popolo dell'Aria;Severo Guardiano;severoguardiano_fe_prova.png;;;;;;;severoguardiano_fe.png;retro_fe.png;;Bustina Giocheria|Blister;1;0;0;0
335;Final Evolution;Popolo dell'Aria;Alos;alos_fe_prova.png;;;;;;;alos_fe.png;retro_fe.png;;Bustina Giocheria|Blister;1;0;0;0
336;Final Evolution;Popolo dell'Aria;Becco D'Acciaio;beccodacciaio_fe_prova.png;;;;;;;beccodacciaio_fe.png;retro_fe.png;;Bustina Giocheria|Blister;1;0;0;0
337;Final Evolution;Popolo del Magma;Magmion;magmion_fe_prova.png;;;;;;;magmion_fe.png;retro_fe.png;;Bustina Giocheria|Blister;1;0;0;0
338;Final Evolution;Popolo del Magma;Electricon;electricon_fe_prova.png;;;;;;;electricon_fe.png;retro_fe.png;;Bustina Giocheria|Blister;1;0;0;0
339;Final Evolution;Popolo del Magma;Strappapensieri;strappapensieri_fe_prova.png;;;;;;;strappapensieri_fe.png;retro_fe.png;;Bustina Giocheria|Blister;1;0;0;0
340;Final Evolution;Popolo del Magma;Maglio Infuocato;maglioinfuocato_fe_prova.png;;;;;;;maglioinfuocato_fe.png;retro_fe.png;;Bustina Giocheria|Blister;1;0;0;0
341;Final Evolution;Popolo del Magma;Insecticus;insecticus_fe_prova.png;;;;;;;insecticus_fe.png;retro_fe.png;;Bustina Giocheria|Blister;1;0;0;0
342;Final Evolution;Popolo del Magma;Aracno;aracno_fe_prova.png;;;;;;;aracno_fe.png;retro_fe.png;;Bustina Giocheria|Blister;1;0;0;0
343;Final Evolution;Popolo del Magma;Guardiano Urlante;guardianourlante_fe_prova.png;;;;;;;guardianourlante_fe.png;retro_fe.png;;Bustina Giocheria|Blister;1;0;0;0
344;Final Evolution;Popolo della Lava;Lavion;lavion_fe_prova.png;;;;;;;lavion_fe.png;retro_fe.png;;Bustina Edicola;1;0;0;0
345;Final Evolution;Popolo della Lava;Anonimo Multiforme;anonimomultiforme_fe_prova.png;;;;;;;anonimomultiforme_fe.png;retro_fe.png;;Bustina Edicola;1;0;0;0
346;Final Evolution;Popolo della Lava;Mastodontico;mastodontico_fe_prova.png;;;;;;;mastodontico_fe.png;retro_fe.png;;Bustina Edicola;1;0;0;0
347;Final Evolution;Popolo della Lava;Sparafuoco;sparafuoco_fe_prova.png;;;;;;;sparafuoco_fe.png;retro_fe.png;;Bustina Edicola;1;0;0;0
348;Final Evolution;Popolo della Lava;Malvagius;malvagius_fe_prova.png;;;;;;;malvagius_fe.png;retro_fe.png;;Bustina Edicola;1;0;0;0
349;Final Evolution;Popolo della Lava;Lavor;lavor_fe_prova.png;;;;;;;lavor_fe.png;retro_fe.png;;Bustina Edicola;1;0;0;0
350;Final Evolution;Popolo della Lava;Angelo Infuocato;angeloinfuocato_fe_prova.png;;;;;;;angeloinfuocato_fe.png;retro_fe.png;;Bustina Edicola;1;0;0;0
351;Final Evolution;Popolo del Diamante;Antico Thorg;anticothorg_fe_prova.png;;;;;;;anticothorg_fe.png;retro_fe.png;;Bustina Edicola|Bustina Giocheria|Blister;1;0;0;0
352;Final Evolution;Popolo del Diamante;Rock;rock_fe_prova.png;;;;;;;rock_fe.png;retro_fe.png;;Bustina Giocheria|Blister;1;0;0;0
353;Final Evolution;Popolo del Diamante;Opale Nero;opalenero_fe_prova.png;;;;;;;opalenero_fe.png;retro_fe.png;;Bustina Giocheria|Blister;1;0;0;0
354;Final Evolution;Popolo del Diamante;Fossil;fossil_fe_prova.png;;;;;;;fossil_fe.png;retro_fe.png;;Bustina Giocheria|Blister;1;0;0;0
355;Final Evolution;Popolo del Diamante;Irpido Roccioso;irpidoroccioso_fe_prova.png;;;;;;;irpidoroccioso_fe.png;retro_fe.png;;Bustina Giocheria|Blister;1;0;0;0
356;Final Evolution;Popolo del Diamante;Sabis;sabis_fe_prova.png;;;;;;;sabis_fe.png;retro_fe.png;;Magic Egg|Isola di Gorm;1;0;0;0
357;Final Evolution;Popolo della Foresta Infuocata;Grandalbero;grandalbero_fe_prova.png;;;;;;;grandalbero_fe.png;retro_fe.png;;Bustina Edicola|Bustina Giocheria|Blister;1;0;0;0
358;Final Evolution;Popolo della Foresta Infuocata;Paludis;paludis_fe_prova.png;;;;;;;paludis_fe.png;retro_fe.png;;Bustina Giocheria|Blister;1;0;0;0
359;Final Evolution;Popolo della Foresta Infuocata;Muschioantico;muschiantico_fe_prova.png;;;;;;;muschioantico_fe.png;retro_fe.png;;Bustina Giocheria|Blister;1;0;0;0
360;Final Evolution;Popolo della Foresta Infuocata;Magitronco;magitronco_fe_prova.png;;;;;;;magitronco_fe.png;retro_fe.png;;Bustina Giocheria|Blister;1;0;0;0
361;Final Evolution;Popolo della Foresta Infuocata;Ramartiglio;ramartiglio_fe_prova.png;;;;;;;ramartiglio_fe.png;retro_fe.png;;Bustina Giocheria|Blister;1;0;0;0
362;Final Evolution;Popolo della Foresta Infuocata;Battiquercia;battiquercia_fe_prova.png;;;;;;;battiquercia_fe.png;retro_fe.png;;Magic Egg;1;0;0;0
363;Final Evolution;Popolo del Ghiaccio;Nobilmantis;nobilmantis_fe_prova.png;;;;;;;nobilmantis_fe.png;retro_fe.png;;Bustina Edicola;1;0;0;0
364;Final Evolution;Popolo del Ghiaccio;Linguacida;linguacida_fe_prova.png;;;;;;;linguacida_fe.png;retro_fe.png;;Bustina Edicola;1;0;0;0
365;Final Evolution;Popolo del Ghiaccio;Imprevedibile Silente;imprevedibilesilente_fe_prova.png;;;;;;;imprevedibilesilente_fe.png;retro_fe.png;;Bustina Edicola;1;0;0;0
366;Final Evolution;Popolo del Ghiaccio;Narvalion;narvalion_fe_prova.png;;;;;;;narvalion_fe.png;retro_fe.png;;Bustina Edicola;1;0;0;0
367;Final Evolution;Popolo del Ghiaccio;Tentaclos;tentaclos_fe_prova.png;;;;;;;tentaclos_fe.png;retro_fe.png;;Bustina Edicola;1;0;0;0
368;Final Evolution;Popolo del Ghiaccio;Squalis;squalis_fe_prova.png;;;;;;;squalis_fe.png;retro_fe.png;;Magic Egg;1;0;0;0
369;Final Evolution;Popolo dei Fossili;Devilfenix;devilfenix_fe_prova.png;;;;;;;devilfenix_fe.png;retro_fe.png;;Bustina Edicola|Bustina Giocheria|Blister;1;0;0;0
370;Final Evolution;Popolo dei Fossili;Beccoduro;beccoduro_fe_prova.png;;;;;;;beccoduro_fe.png;retro_fe.png;;Bustina Giocheria|Blister;1;0;0;0
371;Final Evolution;Popolo dei Fossili;Dragon;dragon_fe_prova.png;;;;;;;dragon_fe.png;retro_fe.png;;Bustina Giocheria|Blister;1;0;0;0
372;Final Evolution;Popolo dei Fossili;Magufo;magufo_fe_prova.png;;;;;;;magufo_fe.png;retro_fe.png;;Bustina Giocheria|Blister;1;0;0;0
373;Final Evolution;Popolo dei Fossili;Crudelion;crudelion_fe_prova.png;;;;;;;crudelion_sfe.png;retro_fe.png;;Bustina Giocheria|Blister;1;0;0;0
374;Final Evolution;Popolo dei Fossili;Mistica Falena;misticafalena_fe_prova.png;;;;;;;misticafalena_fe.png;retro_fe.png;;Magic Egg|Isola di Gorm;1;0;0;0
375;Final Evolution;Popolo del Metallo;Armageddon;armageddon_fe_prova.png;;;;;;;armageddon_fe.png;retro_fe.png;;Bustina Edicola|Bustina Giocheria|Blister;1;0;0;0
376;Final Evolution;Popolo del Metallo;Navus;navus_fe_prova.png;;;;;;;navus_fe.png;retro_fe.png;;Bustina Giocheria|Blister;1;0;0;0
377;Final Evolution;Popolo del Metallo;Skorpions;skorpios_fe_prova.png;;;;;;;skorpions_fe.png;retro_fe.png;;Bustina Giocheria|Blister;1;0;0;0
378;Final Evolution;Popolo del Metallo;Brags;brags_fe_prova.png;;;;;;;brags_fe.png;retro_fe.png;;Bustina Giocheria|Blister;1;0;0;0
379;Final Evolution;Popolo del Metallo;Sentinel;sentinel_fe_prova.png;;;;;;;sentinel_fe.png;retro_fe.png;;Bustina Giocheria|Blister;1;0;0;0
380;Final Evolution;Popolo del Metallo;Forgius;forgius_fe_prova.png;;;;;;;forgius_fe.png;retro_fe.png;;Magic Egg;1;0;0;0
381;Final Evolution;Popolo del Sole;Sommo Luminescente;sommoluminescente_fe_prova.png;;;;;;;sommoluminescente_fe.png;retro_fe.png;;Bustina Edicola|Bustina Giocheria|Blister;1;0;0;0
382;Final Evolution;Popolo del Sole;Accecante Guardiano;accecanteguardiano_fe_prova.png;;;;;;;accecanteguardiano_fe.png;retro_fe.png;;Bustina Giocheria|Blister;1;0;0;0
383;Final Evolution;Popolo del Sole;Prismagon;prismagon_fe_prova.png;;;;;;;prismagon_fe.png;retro_fe.png;;Bustina Giocheria|Blister;1;0;0;0
384;Final Evolution;Popolo del Sole;Solaris;solaris_fe_prova.png;;;;;;;solaris_fe.png;retro_fe.png;;Bustina Giocheria|Blister;1;0;0;0
385;Final Evolution;Popolo del Sole;Electricante;electricante_fe_prova.png;;;;;;;electricante_fe.png;retro_fe.png;;Bustina Giocheria|Blister;1;0;0;0
386;Final Evolution;Popolo del Sole;Comet;comet_fe_prova.png;;;;;;;comet_fe.png;retro_fe.png;;Magic Egg;1;0;0;0
387;Final Evolution;Popolo della Luna;Obscurio;obscurio_fe_prova.png;;;;;;;obscurios_fe.png;retro_fe.png;;Bustina Edicola|Bustina Giocheria|Blister;1;0;0;0
388;Final Evolution;Popolo della Luna;Ombrassassina;ombrassassina_fe_prova.png;;;;;;;ombrassasina_fe.png;retro_fe.png;;Bustina Giocheria|Blister;1;0;0;0
389;Final Evolution;Popolo della Luna;Pantanera;pantanera_fe_prova.png;;;;;;;pantanera_fe.png;retro_fe.png;;Bustina Giocheria|Blister;1;0;0;0
390;Final Evolution;Popolo della Luna;Buconero;buconero_fe_prova.png;;;;;;;buconero_fe.png;retro_fe.png;;Bustina Giocheria|Blister;1;0;0;0
391;Final Evolution;Popolo della Luna;Spiritonero;spiritonero_fe_prova.png;;;;;;;spiritonero_fe.png;retro_fe.png;;Bustina Giocheria|Blister;1;0;0;0
392;Final Evolution;Popolo della Luna;Lunaris;lunaris_fe_prova.png;;;;;;;lunaris_fe.png;retro_fe.png;;Magic Egg|Isola di Gorm;1;0;0;0
393;Final Evolution;Popolo del Mare;Medusantica Magazine;medusantica_m_fe_prova.png;;;;;;;medusantica_m_fe.png;retro_m_fe.png;;Magazine 12;0;0;0;0
394;Final Evolution;Popolo del Metallo;Armageddon Album;armageddon_fe_prova.png;;;;;;;armageddon_15_fe.png;retro_fe.png;;"Album Figurine ""Gormiti: la Saga Completa""";0;0;0;0
395;Cartoon;Popolo della Terra;Signore della Terra;sigterra_cartoon_prova.png;;;;;;;sig_terra_cartoon.png;retro_cartoon.png;;Bustina Edicola|Bustina Giocheria|Blister;1;0;0;0
396;Cartoon;Popolo della Terra;Schienacciaio;schienacciaio_cartoon_prova.png;;;;;;;schienacciaio_cartoon.png;retro_cartoon.png;;Bustina Giocheria|Blister;1;0;0;0
397;Cartoon;Popolo della Terra;Rocciatauro;rocciatauro_cartoon_prova.png;;;;;;;rocciatauro_cartoon.png;retro_cartoon.png;;Bustina Giocheria|Blister;1;0;0;0
398;Cartoon;Popolo della Terra;Lanciamassi;lanciamassi_cartoon_prova.png;;;;;;;lanciamassi_cartoon.png;retro_cartoon.png;;Bustina Giocheria|Blister;1;0;0;0
399;Cartoon;Popolo della Terra;Trematerra;trematerra_cartoon_prova.png;;;;;;;trematerra_cartoon.png;retro_cartoon.png;;Bustina Giocheria|Blister;1;0;0;0
400;Cartoon;Popolo della Terra;Schienacciaio Oro;schienacciaio_cartoon_oro_prova.png;;;;;;;schienacciaio_gold_cartoon.png;retro_cartoon.png;;Bustina Edicola;1;0;0;0
401;Cartoon;Popolo della Foresta;Signore della Foresta;sigforesta_cartoon_prova.png;;;;;;;sig_foresta_cartoon.png;retro_cartoon.png;;Bustina Edicola|Bustina Giocheria|Blister;1;0;0;0
402;Cartoon;Popolo della Foresta;Mimeticus;mimeticus_cartoon_prova.png;;;;;;;mimeticus_cartoon.png;retro_cartoon.png;;Bustina Giocheria|Blister;1;0;0;0
403;Cartoon;Popolo della Foresta;Troncannone;troncannone_cartoon_prova.png;;;;;;;troncannone_cartoon.png;retro_cartoon.png;;Bustina Giocheria|Blister;1;0;0;0
404;Cartoon;Popolo della Foresta;Sporius;sporius_cartoon_prova.png;;;;;;;sporius_cartoon.png;retro_cartoon.png;;Bustina Giocheria|Blister;1;0;0;0
405;Cartoon;Popolo della Foresta;Frusta Letale;frustaletale_cartoon_prova.png;;;;;;;frustaletale_cartoon.png;retro_cartoon.png;;Bustina Giocheria|Blister;1;0;0;0
406;Cartoon;Popolo della Foresta;Mimeticus Oro;mimeticus_cartoon_oro_prova.png;;;;;;;mimeticus_gold_cartoon.png;retro_cartoon.png;;Bustina Edicola;1;0;0;0
407;Cartoon;Popolo del Mare;Signore del Mare;sigmare_cartoon_prova.png;;;;;;;sig_mare_cartoon.png;retro_cartoon.png;;Bustina Edicola|Bustina Giocheria|Blister;1;0;0;0
408;Cartoon;Popolo del Mare;Delos;delos_cartoon_prova.png;;;;;;;delos_cartoon.png;retro_cartoon.png;;Bustina Giocheria|Blister;1;0;0;0
409;Cartoon;Popolo del Mare;Cavarex;cavarex_cartoon_prova.png;;;;;;;cavarex_cartoon.png;retro_cartoon.png;;Bustina Giocheria|Blister;1;0;0;0
410;Cartoon;Popolo del Mare;Martello;martello_cartoon_prova.png;;;;;;;martello_cartoon.png;retro_cartoon.png;;Bustina Giocheria|Blister;1;0;0;0
411;Cartoon;Popolo del Mare;Tartantica;tartantica_cartoon_prova.png;;;;;;;tartantica_cartoon.png;retro_cartoon.png;;Bustina Giocheria|Blister;1;0;0;0
412;Cartoon;Popolo del Mare;Cavarex Oro;cavarex_cartoon_oro_prova.png;;;;;;;cavarex_gold_cartoon.png;retro_cartoon.png;;Bustina Edicola;1;0;0;0
413;Cartoon;Popolo dell'Aria;Signore dell'Aria;sigaria_cartoon_prova.png;;;;;;;sig_aria_cartoon.png;retro_cartoon.png;;Bustina Edicola|Bustina Giocheria|Blister;1;0;0;0
414;Cartoon;Popolo dell'Aria;Magica Vedetta;magicavedetta_cartoon_prova.png;;;;;;;magicavedetta_cartoon.png;retro_cartoon.png;;Bustina Giocheria|Blister;1;0;0;0
415;Cartoon;Popolo dell'Aria;Falcosilente;falcosilente_cartoon_prova.png;;;;;;;falcosilente_cartoon.png;retro_cartoon.png;;Bustina Giocheria|Blister;1;0;0;0
416;Cartoon;Popolo dell'Aria;Dragon;dragon_cartoon_prova.png;;;;;;;dragon_cartoon.png;retro_cartoon.png;;Bustina Giocheria|Blister;1;0;0;0
417;Cartoon;Popolo dell'Aria;Aquila Solitaria;aquilasolitaria_cartoon_prova.png;;;;;;;aquilasolitaria_cartoon.png;retro_cartoon.png;;Bustina Giocheria|Blister;1;0;0;0
418;Cartoon;Popolo dell'Aria;Falcosilente Oro;falcosilente_cartoon_oro_prova.png;;;;;;;falcosilente_gold_cartoon.png;retro_cartoon.png;;Bustina Edicola;1;0;0;0
419;Cartoon;Popolo del Vulcano;Lavion;lavion_cartoon_prova.png;;;;;;;lavion_cartoon.png;retro_cartoon.png;;Bustina Edicola|Bustina Giocheria|Blister;1;0;0;0
420;Cartoon;Popolo del Vulcano;Magmion;magmion_cartoon_prova.png;;;;;;;magmion_cartoon.png;retro_cartoon.png;;Bustina Giocheria|Blister;1;0;0;0
421;Cartoon;Popolo del Vulcano;Orrore Profondo;orroreprofondo_cartoon_prova.png;;;;;;;orroreprofondo_cartoon.png;retro_cartoon.png;;Bustina Giocheria|Blister;1;0;0;0
422;Cartoon;Popolo del Vulcano;Guardiano Urlante;guardianourlante_cartoon_prova.png;;;;;;;guardianourlante_cartoon.png;retro_cartoon.png;;Magmion 12cm;1;0;0;0
423;Cartoon;Popolo del Vulcano;Maglio Infuocato;maglioinfuocato_cartoon_prova.png;;;;;;;maglioinfuocato_cartoon.png;retro_cartoon.png;;Toby 12cm;1;0;0;0
424;Cartoon;Popolo del Vulcano;Aracno;aracno_cartoon_prova.png;;;;;;;aracno_cartoon.png;retro_cartoon.png;;Lavion 12cm;1;0;0;0
425;Cartoon;Popolo del Vulcano;Angelo Infuocato;angeloinfuocato_cartoon_prova.png;;;;;;;angeloinfuocato_cartoon.png;retro_cartoon.png;;Jessica 12cm;1;0;0;0
426;Cartoon;Popolo del Vulcano;Lavor;lavor_cartoon_prova.png;;;;;;;lavor_cartoon.png;retro_cartoon.png;;Lucas 12cm;1;0;0;0
427;Cartoon;Popolo del Vulcano;Sparafuoco;sparafuoco_cartoon_prova.png;;;;;;;sparafuoco_cartoon.png;retro_cartoon.png;;Nick 12cm;1;0;0;0
428;Cartoon;Popolo del Vulcano;Bombos;bombos_cartoon_prova.png;;;;;;;bombos_cartoon.png;retro_cartoon.png;;Bustina Edicola|Bustina Giocheria|Blister;1;0;0;0
429;Cartoon;Popolo del Vulcano;Skorpions;skorpios_cartoon_prova.png;;;;;;;skorpions_gold_cartoon.png;retro_cartoon.png;;Monte Vulcano;0;0;0;0
430;Cartoon;Popolo del Vulcano;Brags;brags_cartoon_prova.png;;;;;;;brags_gold_cartoon.png;retro_cartoon.png;;Monte Vulcano;0;0;0;0
431;Cartoon;Popolo della Terra;"Signore della Terra ""diamante""";sigterra_cartoon_diamante_prova.png;;;;;;;sig_terra_diamante_f.png;sig_terra_diamante_r.png;"IL SIGNORE DELLA TERRA|Era buio nel tetro vulcano, ma Nick doveva proseguire la sua missione e liberare i suoi amici.Ad un tratto, calpestò qualcosa di incaldescente; era il doblone del potere Thor che gli impresse un simbolo magico sul piede.Questo simbolo rese Nick invincibile! Con chiunque si scontrerà sarà sempre vincitore! ""Aspettatemi amici, grazie al mio nuovo corpo e al mio nuovo potere, vi libererò!"".";Gormiti, gli eroi della Natura Wii/DS;0;0;0;0
432;Cartoon;Popolo della Terra;Signore della Terra BOOM;sig_terra_boom.png;;;;;;;;;"IL SIGNORE DELLA TERRA|Il Signore della Terra non è mai stato così potente!|Il suo corpo è fatto di roccia durissima e indistruttibile!|Un solo corpo del suo potente pugno vigoroso fa tremare l'intera Isola di Gorm scatenando violenti terremoti… niente può fermalo! Quando carica il suo martello con l'energia della terra può sbriciolare qualsiasi cosa con un solo colpo!|""Magmion fai attenzione. Sono il nuovo Signore della Terra e sono pronto a difendere l'Isola di Gorm  ed i suoi abitanti!""|""POTENZA SUPREMA DELLA ROCCIA!""|Questo grido echeggia all'interno della grandiosa Fortezza di Roccia quando il Signore della Terra incita il suo popolo.";Quaderni BOOM;0;0;0;0
433;Cartoon;Popolo della Terra;Rocciatauro BOOM;placeholder.jpg;;;;;;;;;"ROCCIATAURO|E' meglio non farlo arrabbiare perché quando decide di caricare l'unica via di salvezza è la fuga!Una volta mirato io menico si scaraventa contro e lo trafigge con le sua corna dure e appuntite… ma questa non è certo la sua unica arma!|Se si arrabbia veramente carica di potenza i due martelli di roccia che tiene nelle sue forti mani e guardando dritto negli occhi il nemico afferma:|""Sei pronto ad essere disintegrato dalla mia potenza?""|Assieme a Frusta Letale e Martello è uno dei molti partecipanti al ""Torneo dei Combattimenti"" che si tiene nella piana di Astreg. Come tutti i Gormiti sanno bene, questo torneo è un'occasione per mostrare a tutti gli abitanti dell'isola la propria forza e potenza.";Quaderni BOOM;0;0;0;0
434;Cartoon;Popolo della Foresta;Signore della Foresta BOOM;placeholder.jpg;;;;;;;;;IL SIGNORE DELLA FORESTA|Racchiusi in sé ha tutti i poteri e la forza dell’antica Foresta Silente! Tutte le piante e gli elementi della Foresta sono al suo servizio. Grazie ai suoi poteri magici e alla forza della mente può comunicare con la natura e chiamarne in aiuto tutti i suoi elementi ogni volta che ne ha bisogno:|“ANTICA FORZA DELLA FORESTA!!!”|Il suo braccio allungabile è in grado di afferrare e stritolare qualsiasi nemico…|se ti raggiunge non hai scampo! Se ti senti bloccare le caviglie all’improvviso, non tentare di liberarti. Nessuno ci è mai riuscito! Le radici che ha sui piedi si allungano a dismisura e, sbucando dal terreno, ti afferrano all’improvviso ovunque tu sia!|Il suo “soffio magico” è letale... avvelena chiunque lo respiri! Come se non bastasse, il suo braccio si trasforma in un pugno che può essere scagliato a gran velocità contro i nemici!;Quaderni BOOM;0;0;0;0
435;Cartoon;Popolo della Foresta;Mimeticus BOOM;mimeticus_boom.png;;;;;;;;;MIMETICUS|Su Gorm è conosciuto da tutti per la sua rapidità nei movimenti e per la sua astuzia nel mimetizzarsi.|Si narra essere stato il coraggioso Gormita della Foresta che, grazie ad un incantesimo, riuscì ad intrappolare i malvagi Bombos e Lavion in una porta ultradimensionale…|che eroica impresa!|Per combattere i nemici Mimeticus può contare sul suo potente e veloce pugno distruttore e su il flusso di spore asfissianti che rilascia dalla sua schiena.|“Quando ti aggiri per la Foresta Silente... stai attento! Guardati sempre alle spalle! Mimeticus potrebbe trovarsi proprio lì!”;Quaderni BOOM;0;0;0;0
436;Cartoon;Popolo del Vulcano;Bombos BOOM;bombos_boom.png;;;;;;;;;BOMBOS|Fedele servitore di Orrore, durante i suoi attacchi è impossibile capire da quale delle sue quattro bocche provengano le pietre infuocate!|Non puoi mai sorprenderlo anche attaccandolo da qualsiasi lato! Perché le sue bocche spara-fuoco sono sempre aperte e pronte ad attaccarti…|Il suo braccio si è trasformato in un vero e proprio cannone dal quale lancia una gigantesca massa di lava solidificata.;Quaderni BOOM;0;0;0;0
437;Cartoon;Popolo della Foresta;Signore della Foresta Articolato;sig_foresta_art_cartoon.png;sig_foresta_art_cartoon.mp4;troncalion_cartoon.mp4;sig_foresta_troncalion_cartoon.mp4;;troncalion_cartoon.png;Troncalion;;;IL SIGNORE DELLA FORESTA|Racchiusi in sé ha tutti i poteri e la forza dell’antica Foresta Silente! Tutte le piante e gli elementi della Foresta sono al suo servizio. Grazie ai suoi poteri magici e alla forza della mente può comunicare con la natura e chiamarne in aiuto tutti i suoi elementi ogni volta che ne ha bisogno:|“ANTICA FORZA DELLA FORESTA!!!”|Il suo braccio allungabile è in grado di afferrare e stritolare qualsiasi nemico…|se ti raggiunge non hai scampo! Se ti senti bloccare le caviglie all’improvviso, non tentare di liberarti. Nessuno ci è mai riuscito! Le radici che ha sui piedi si allungano a dismisura e, sbucando dal terreno, ti afferrano all’improvviso ovunque tu sia!|Il suo “soffio magico” è letale... avvelena chiunque lo respiri! Come se non bastasse, il suo braccio si trasforma in un pugno che può essere scagliato a gran velocità contro i nemici!;Blister con Troncalion;0;0;0;0
438;Cartoon;Popolo del Vulcano;Magmion Articolato;placeholder.jpg;;;;;;;;;MAGMION - IL SIGNORE DEL VULCANO|Se senti pronunciare il nome di questo Signore del Vulcano, comincia a scappare!|Davanti a te un Gormita di dimensioni colossali. Con la sua coda di roccia dura infligge colpi che riescono a distruggere anche l’acciaio! La lama del suo braccio è talmente affilata che nessun Gormita è riuscito a sopravvivere... e con l’altra mano, invece, spara sfere di magma ustionanti! Ha tentato più volte di distruggere Gorm o impadronirsene... come quando, attraverso uno dei suoi tanti incantesimi di magia nera, riuscì a distruggere tutte le alghe e piante del mare causando una temporanea carenza di ossigeno per il Popolo del Mare!|“Nuovi Signori della Natura venite a me!!! Insieme al mio Antico Guardiano Drakkon sarà un gioco da ragazzi liberarmi di voi!!!”;Blister con Drakkon;0;0;0;0
439;Elemental Fusion;Popolo della Terra;Signore della Terra;sigterra_ef_prova.png;;;;;;;sig_terra_ef.png;retro_ef.png;;Bustina Edicola|Bustina Giocheria;1;0;0;0
440;Elemental Fusion;Popolo della Terra;Nick;sigterra_nick_prova.png;;;;;;;sig_terra_nick.png;retro_ef.png;;Bustina Edicola;1;0;0;0
441;Elemental Fusion;Popolo della Terra;Instancabile Demolitore;instancabiledemolitore_ef_prova.png;;;;;;;instancabiledemolitore_ef.png;retro_ef.png;;Bustina Giocheria|Blister;1;0;0;0
442;Elemental Fusion;Popolo della Terra;Marmacciaio;marmacciaio_ef_prova.png;;;;;;;marmacciaio_ef.png;retro_ef.png;;Bustina Giocheria|Blister;1;0;0;0
443;Elemental Fusion;Popolo della Terra;Rocciaronte;rocciaronte_ef_prova.png;;;;;;;rocciaronte_ef.png;retro_ef.png;;Bustina Giocheria|Blister;1;0;0;0
444;Elemental Fusion;Popolo della Terra;Granitesta;granitesta_ef_prova.png;;;;;;;granitesta_ef.png;retro_ef.png;;Bustina Giocheria|Blister;1;0;0;0
445;Elemental Fusion;Popolo della Terra;Mutevole Sandis;mutevolesandis_ef_prova.png;;;;;;;mutevolesandis_ef.png;retro_ef.png;;Mistico Altare della Vita;1;0;0;0
446;Elemental Fusion;Popolo della Terra;Mutevole Sandis Trasparente;mutevoleaandis_clear_ef_prova.png;;;;;;;mutevolesandis_clear_ef.png;retro_ef.png;;Bustina Edicola;1;0;0;0
447;Elemental Fusion;Popolo della Terra;Terremots;terremots_ef_prova.png;;;;;;;terremots_ef.png;retro_ef.png;;Magic Egg;1;0;0;0
448;Elemental Fusion;Popolo della Foresta;Signore della Foresta;sigforesta_ef_prova.png;;;;;;;sig_foresta_ef.png;retro_ef.png;;Bustina Edicola|Bustina Giocheria;1;0;0;0
449;Elemental Fusion;Popolo della Foresta;Lucas;sigforesta_lucas_prova.png;;;;;;;sig_foresta_lucas.png;retro_ef.png;;Bustina Edicola;1;0;0;0
450;Elemental Fusion;Popolo della Foresta;Pignavex;pignavex_ef_prova.png;;;;;;;pignavex_ef.png;retro_ef.png;;Mistico Altare della Vita;1;0;0;0
451;Elemental Fusion;Popolo della Foresta;Marcifoglia;marcifoglia_ef_prova.png;;;;;;;marcifoglia_ef.png;retro_ef.png;;Bustina Giocheria|Blister;1;0;0;0
452;Elemental Fusion;Popolo della Foresta;Mazzaboscide;mazzaboscide_ef_prova.png;;;;;;;mazzaboscide_ef.png;retro_ef.png;;Bustina Giocheria|Blister;1;0;0;0
453;Elemental Fusion;Popolo della Foresta;Artefatto;artefatto_ef_prova.png;;;;;;;artefatto_ef.png;retro_ef.png;;Bustina Giocheria|Blister;1;0;0;0
454;Elemental Fusion;Popolo della Foresta;Bu Bamboo;bubamboo_ef_prova.png;;;;;;;bubamboo_ef.png;retro_ef.png;;Bustina Giocheria|Blister;1;0;0;0
455;Elemental Fusion;Popolo della Foresta;Bu Bamboo Trasparente;bubamboo_clear_ef_prova.png;;;;;;;bubamboo_clear_ef.png;retro_ef.png;;Bustina Edicola;1;0;0;0
456;Elemental Fusion;Popolo della Foresta;Barbamaglio;barbamaglio_ef_prova.png;;;;;;;barbamaglio_ef.png;retro_ef.png;;Magic Egg;1;0;0;0
457;Elemental Fusion;Popolo del Mare;Signore del Mare;sigmare_ef_prova.png;;;;;;;sig_mare_ef.png;retro_ef.png;;Bustina Edicola|Bustina Giocheria;1;0;0;0
458;Elemental Fusion;Popolo del Mare;Toby;sigmare_toby_prova.png;;;;;;;sig_mare_toby.png;retro_ef.png;;Bustina Edicola;1;0;0;0
459;Elemental Fusion;Popolo del Mare;Likasu;likasu_ef_prova.png;;;;;;;likasu_ef.png;retro_ef.png;;Bustina Giocheria|Blister;1;0;0;0
460;Elemental Fusion;Popolo del Mare;Astix;astix_ef_prova.png;;;;;;;astix_ef.png;retro_ef.png;;Bustina Giocheria|Blister;1;0;0;0
461;Elemental Fusion;Popolo del Mare;Lerrix;lerrix_ef_prova.png;;;;;;;lerrix_ef.png;retro_ef.png;;Bustina Giocheria|Blister;1;0;0;0
462;Elemental Fusion;Popolo del Mare;Liuk;liuk_ef_prova.png;;;;;;;liuk_ef.png;retro_ef.png;;Bustina Giocheria|Blister;1;0;0;0
463;Elemental Fusion;Popolo del Mare;Mollusco;mollusco_ef_prova.png;;;;;;;mollusco_ef.png;retro_ef.png;;Mistico Altare della Vita;1;0;0;0
464;Elemental Fusion;Popolo del Mare;Mollusco Trasparente;mollusco_clear_ef_prova.png;;;;;;;mollusco_clear_ef.png;retro_ef.png;;Bustina Edicola;1;0;0;0
465;Elemental Fusion;Popolo del Mare;Corallor;corallor_ef_prova.png;;;;;;;corallor_ef.png;retro_ef.png;;Magic Egg;1;0;0;0
466;Elemental Fusion;Popolo dell'Aria;Signore dell'Aria;sigaria_ef_prova.png;;;;;;;sig_aria_ef.png;retro_ef.png;;Bustina Edicola|Bustina Giocheria;1;0;0;0
467;Elemental Fusion;Popolo dell'Aria;Jessica;sigaria_jessica_prova.png;;;;;;;sig_aria_jessica.png;retro_ef.png;;Bustina Edicola;1;0;0;0
468;Elemental Fusion;Popolo dell'Aria;Abis;abis_ef_prova.png;;;;;;;abis_ef.png;retro_ef.png;;Bustina Giocheria|Blister;1;0;0;0
469;Elemental Fusion;Popolo dell'Aria;Oscuro Incantatore;oscuroincantatore_ef_prova.png;;;;;;;oscuroincantatore_ef.png;retro_ef.png;;Bustina Giocheria|Blister;1;0;0;0
470;Elemental Fusion;Popolo dell'Aria;Antico Grifon;anticogrifon_ef_prova.png;;;;;;;anticogrifon_ef.png;retro_ef.png;;Bustina Giocheria|Blister;1;0;0;0
471;Elemental Fusion;Popolo dell'Aria;Freccialata;freccialata_ef_prova.png;;;;;;;freccialata_ef.png;retro_ef.png;;Bustina Giocheria|Blister;1;0;0;0
472;Elemental Fusion;Popolo dell'Aria;Freccialata Trasparente;freccialata_clear_ef_prova.png;;;;;;;freccialata_clear_ef.png;retro_ef.png;;Bustina Edicola;1;0;0;0
473;Elemental Fusion;Popolo dell'Aria;Papillus;papillus_ef_prova.png;;;;;;;papillus_ef.png;retro_ef.png;;Magic Egg;1;0;0;0
474;Elemental Fusion;Popolo del Vulcano;Lavion;lavion_ef_prova.png;;;;;;;lavion_ef.png;retro_ef.png;;Bustina Edicola|Bustina Giocheria;1;0;0;0
475;Elemental Fusion;Popolo del Vulcano;Magmion;magmion_ef_prova.png;;;;;;;magmion_ef.png;retro_ef.png;;Bustina Giocheria;1;0;0;0
476;Elemental Fusion;Popolo del Vulcano;Orrore Profondo;orroreprofondo_ef_prova.png;;;;;;;orroreprofondo_ef.png;retro_ef.png;;Bustina Giocheria;1;0;0;0
477;Elemental Fusion;Popolo del Vulcano;Uncino Lavico;uncinolavico_ef_prova.png;;;;;;;uncinolavico_ef.png;retro_ef.png;;Bustina Giocheria|Blister;1;0;0;0
478;Elemental Fusion;Popolo del Vulcano;Magmaserp;magmaserp_ef_prova.png;;;;;;;magmaserp_ef.png;retro_ef.png;;Bustina Giocheria|Blister;1;0;0;0
479;Elemental Fusion;Popolo del Vulcano;Marton;marton_ef_prova.png;;;;;;;marton_ef.png;retro_ef.png;;Bustina Giocheria|Blister;1;0;0;0
480;Elemental Fusion;Popolo del Vulcano;Furia Lavica;furialavica_ef_prova.png;;;;;;;furialavica_ef.png;retro_ef.png;;Bustina Giocheria|Blister;1;0;0;0
481;Elemental Fusion;Popolo del Vulcano;Furia Lavica Trasparente;furialavica_clear_ef_prova.png;;;;;;;furialavica_clear_ef.png;retro_ef.png;;Bustina Edicola;1;0;0;0
482;Elemental Fusion;Popolo del Vulcano;Fiammartiglio;fiammartiglio_ef_prova.png;;;;;;;fiammartiglio_ef.png;retro_ef.png;;Magic Egg;1;0;0;0
483;Elemental Fusion;Popolo della Terra;Rocciatauro;rocciatauro_ef_prova.png;;;;;;;rocciatauro_ef.png;retro_m_ef.png;;Magazine 21;0;0;0;0
488;Elemental Fusion;Popolo della Terra;Lanciamassi;lanciamassi_ef_prova.png;;;;;;;lanciamassi_ef.png;retro_m_ef.png;;Magazine 26;0;0;0;0
493;Elemental Fusion;Popolo della Terra;Trematerra;trematerra_ef_prova.png;;;;;;;trematerra_ef.png;retro_m_ef.png;;Magazine 31;0;0;0;0
484;Elemental Fusion;Popolo della Foresta;Troncannone;troncannone_ef_prova.png;;;;;;;troncannone_ef.png;retro_m_ef.png;;Magazine 22;0;0;0;0
489;Elemental Fusion;Popolo della Foresta;Frusta Letale;frustaletale_ef_prova.png;;;;;;;frustaletale_ef.png;retro_m_ef.png;;Magazine 27;0;0;0;0
485;Elemental Fusion;Popolo del Mare;Martello;martello_ef_prova.png;;;;;;;martello_ef.png;retro_m_ef.png;;Magazine 23;0;0;0;0
490;Elemental Fusion;Popolo del Mare;Tartantica;tartantica_ef_prova.png;;;;;;;tartantica_ef.png;retro_m_ef.png;;Magazine 28;0;0;0;0
486;Elemental Fusion;Popolo dell'Aria;Magica Vedetta;magicavedetta_ef_prova.png;;;;;;;magicavedetta_ef.png;retro_m_ef.png;;Magazine 24;0;0;0;0
491;Elemental Fusion;Popolo dell'Aria;Dragon;dragon_ef_prova.png;;;;;;;dragon_ef.png;retro_m_ef.png;;Magazine 29;0;0;0;0
487;Elemental Fusion;Popolo del Vulcano;Guardiano Urlante;guardianourlante_ef_prova.png;;;;;;;guardianourlante_ef.png;retro_m_ef.png;;Magazine 25;0;0;0;0
492;Elemental Fusion;Popolo del Vulcano;Maglio Infuocato;maglioinfuocato_ef_prova.png;;;;;;;maglioinfuocato_ef.png;retro_m_ef.png;;Magazine 30;0;0;0;0
494;Elemental Fusion;Popolo del Vulcano;Sparafuoco;sparafuoco_ef_prova.png;;;;;;;sparafuoco_ef.png;retro_m_ef.png;;Magazine 32;0;0;0;0
495;Elemental Fusion;Popolo della Terra;Signore della Terra;sig_terra_ov_ef.png;;;;;;;;;IL SIGNORE DELLA TERRA|La potenza del Signore della Terra non è mai stata così devastante. Dopo che gli elementi della roccia si fusero tra loro, il suo imponente corpo è stato ricoperto da una indistruttibile corazza di metallo e roccia che può resistere ai colpi più possenti! Anche il suo leggendario pugno si è rafforzato: se prima riusciva con un solo colpo a far tremare tutta Gorm adesso non solo scatena terremoti ma crea delle vere e proprie voragini nel terreno che si aprono improvvisamente sotto i piedi dei nemici, risucchiandoli in un istante!|“Adesso che in me risiedono la forza e l’energia degli elementi della Terra, nessuno oserà più sfidare i popoli del Bene… o dovrà affrontare la mia ira!”;Magico Occhio della Vita della Terra;0;0;0;0
496;Elemental Fusion;Popolo della Foresta;Signore della Foresta;placeholder.jpg;;;;;;;;;IL SIGNORE DELLA FORESTA|Racchiusi in sé ha tutti i poteri e la forza dell’antica Foresta Silente! Tutte le piante e gli elementi della Foresta sono al suo servizio. Grazie ai suoi poteri magici e alla forza della mente può comunicare con la natura e chiamarne in aiuto tutti i suoi elementi ogni volta che ne ha bisogno:|“ANTICA FORZA DELLA FORESTA!!!”|Il suo braccio allungabile è in grado di afferrare e stritolare qualsiasi nemico…|se ti raggiunge non hai scampo! Se ti senti bloccare le caviglie all’improvviso, non tentare di liberarti. Nessuno ci è mai riuscito! Le radici che ha sui piedi si allungano a dismisura e, sbucando dal terreno, ti afferrano all’improvviso ovunque tu sia!|Il suo “soffio magico” è letale... avvelena chiunque lo respiri! Come se non bastasse, il suo braccio si trasforma in un pugno che può essere scagliato a gran velocità contro i nemici!;Magico Occhio della Vita della Foresta;0;0;0;0
497;Elemental Fusion;Popolo del Mare;Signore del Mare;placeholder.jpg;;;;;;;;;IL SIGNORE DEL MARE|La fusione degli elementi primordiali dei mari di Gorm ha dato vita alla maestosa corazza di questo nobile Signore. La sua leggendaria forza e agilità sono aumentate grazie alla rinnovata energia bio-marina che scorre nelle sue vene. I tentacoli che ha sulla testa sono ancora più potenti e ogni creatura di Gorm li teme!|“Fedeli aiutanti del mare di Gorm ricevete da me questa nuova energia… la fusione degli elementi è avvenuta!”;Magico Occhio della Vita del Mare;0;0;0;0
498;Elemental Fusion;Popolo dell'Aria;Signore dell'Aria;placeholder.jpg;;;;;;;;;IL SIGNORE DELL’ARIA|Nonostante il suo corpo sia avvolto da una possente corazza di acciaio, il Signore dell’Aria è ancora più agile e scattante ed una volta spiccato il volo è inafferrabile! Le sue ali sono ancora più appuntite ed affilate ed i suoi poteri sono ineguagliabili! Le sfere energetiche che tiene nelle sue mani, una volta scagliate contro i nemici, danno vita a travolgenti vortici di aria che risucchiano qualsiasi cosa! Gli artigli che ha sulle mani e sui piedi sono dei veri e propri uncini che non lasciano scampo a nessuno!|“Il mio corpo non è mai stato così invincibile! La mia potente corazza, che è nata dalla fusione degli elementi dell’Aria, mi dona energia e agilità! Nessun nemico potrà sfuggirmi!”;Magico Occhio della Vita dell'Aria;0;0;0;0
499;Elemental Fusion;Popolo del Vulcano;Magmion;magmion_ov_ef.png;;;;;;;;;MAGMION - IL SIGNORE DEL VULCANO|Dai tempi dei tempi il solo nominarlo faceva tremare anche i Gormiti più coraggiosi, ma dopo la fusione degli elementi il suo corpo massiccio e muscoloso è stato ricoperto da una nuova ed invincibile corazza… nessuno oserà più avvicinarsi a lui. Il suo corpo è talmente grande che la sua ombra incute timore anche agli stessi abitanti del Vulcano che ne temono l'ira! La corazza è ricoperta da appuntiti e taglienti aculei che Magmion può scagliare a gran velocità contro i nemici! La coda si è rafforzata ed adesso può frantumare qualsiasi cosa con un solo colpo! Il braccio poi a forma di uncino è ancora più grande e appuntito e può trafiggere anche le superfici più dure.|“Non sperare di fermarmi! Il mio corpo è impenetrabile e la mia potenza devastante!”;Magico Occhio della Vita del Vulcano;0;0;0;0
500;Eclissi Suprema;Popolo della Terra;Signore della Terra;sigterra_es_prova.png;;;;;;;sig_terra_es.png;retro_es.png;;Bustina Edicola;1;0;0;0
501;Eclissi Suprema;Popolo della Terra;Signore della Terra Armatura;sigterra_es_armatura_prova.png;;;;;;;sig_terra_arm_es.png;retro_es.png;;Bustina Giocheria;1;0;0;0
502;Eclissi Suprema;Popolo della Terra;Cinghiataurus;cinghiataurus_es_prova.png;;;;;;;cinghiataurus_es.png;retro_es.png;;Bustina Edicola|Bustina Giocheria|Blister;1;0;0;0
503;Eclissi Suprema;Popolo della Terra;Diamantes;diamantes_es_prova.png;;;;;;;diamantes_es.png;retro_es.png;;Bustina Giocheria|Blister;1;0;0;0
504;Eclissi Suprema;Popolo della Terra;Franaroccia;franaroccia_es_prova.png;;;;;;;franaroccia_es.png;retro_es.png;;Bustina Giocheria|Blister;1;0;0;0
505;Eclissi Suprema;Popolo della Terra;Meteorix;meteorix_es_prova.png;;;;;;;meteorix_es.png;retro_es.png;;Bustina Giocheria|Blister;1;0;0;0
506;Eclissi Suprema;Popolo della Terra;Pachidermion;pachidermion_es_prova.png;;;;;;;pachidermion_es.png;retro_es.png;;Bustina Giocheria|Blister;1;0;0;0
507;Eclissi Suprema;Popolo della Foresta;Signore della Foresta;sigforesta_es_prova.png;;;;;;;sig_foresta_es.png;retro_es.png;;Bustina Edicola;1;0;0;0
508;Eclissi Suprema;Popolo della Foresta;Signore della Foresta Armatura;sigforesta_es_armatura_prova.png;;;;;;;sig_foresta_arm_es.png;retro_es.png;;Bustina Giocheria;1;0;0;0
509;Eclissi Suprema;Popolo della Foresta;Cornolmo;cornolmo_es_prova.png;;;;;;;cornolmo_es.png;retro_es.png;;Bustina Giocheria|Blister;1;0;0;0
510;Eclissi Suprema;Popolo della Foresta;Faunante;faunante_es_prova.png;;;;;;;faunante_es.png;retro_es.png;;Bustina Edicola|Bustina Giocheria|Blister;1;0;0;0
511;Eclissi Suprema;Popolo della Foresta;Mandragoliere;mandragoliere_es_prova.png;;;;;;;mandragoliere_es.png;retro_es.png;;Bustina Giocheria|Blister;1;0;0;0
512;Eclissi Suprema;Popolo della Foresta;Mimante;Mimante_es_prova.png;;;;;;;mimante_es.png;retro_es.png;;Bustina Giocheria|Blister;1;0;0;0
513;Eclissi Suprema;Popolo della Foresta;Querciannone;querciannone_es_prova.png;;;;;;;querciannone_es.png;retro_es.png;;Bustina Giocheria|Blister;1;0;0;0
514;Eclissi Suprema;Popolo del Mare;Signore del Mare;sigmare_es_prova.png;;;;;;;sig_mare_es.png;retro_es.png;;Bustina Edicola;1;0;0;0
515;Eclissi Suprema;Popolo del Mare;Signore del Mare Armatura;sigmare_es_armatura_prova.png;;;;;;;sig_mare_arm_es.png;retro_es.png;;Bustina Giocheria;1;0;0;0
516;Eclissi Suprema;Popolo del Mare;Gorgous;gorgous_es_prova.png;;;;;;;gorgous_es.png;retro_es.png;;Bustina Giocheria|Blister;1;0;0;0
517;Eclissi Suprema;Popolo del Mare;Ipnopotamo;ipnopotamo_es_prova.png;;;;;;;ipnopotamo_es.png;retro_es.png;;Bustina Edicola|Bustina Giocheria|Blister;1;0;0;0
518;Eclissi Suprema;Popolo del Mare;Sonorca;sonorca_es_prova.png;;;;;;;sonorca_es.png;retro_es.png;;Bustina Giocheria|Blister;1;0;0;0
519;Eclissi Suprema;Popolo del Mare;Rospalude;rospalude_es_prova.png;;;;;;;rospalude_es.png;retro_es.png;;Bustina Giocheria|Blister;1;0;0;0
520;Eclissi Suprema;Popolo del Mare;Stellante;stellante_es_prova.png;;;;;;;stellante_es.png;retro_es.png;;Bustina Giocheria|Blister;1;0;0;0
521;Eclissi Suprema;Popolo dell'Aria;Signore dell'Aria;sigaria_es_prova.png;;;;;;;sig_aria_es.png;retro_es.png;;Bustina Edicola;1;0;0;0
522;Eclissi Suprema;Popolo dell'Aria;Signore dell'Aria Armatura;sigaria_es_armatura_prova.png;;;;;;;sig_aria_arm_es.png;retro_es.png;;Bustina Giocheria;1;0;0;0
523;Eclissi Suprema;Popolo dell'Aria;Bertz;bertz_es_prova.png;;;;;;;bertz_es.png;retro_es.png;;Bustina Giocheria|Blister;1;0;0;0
524;Eclissi Suprema;Popolo dell'Aria;Morsicor;morsicor_es_prova.png;;;;;;;morsicor_es.png;retro_es.png;;Bustina Giocheria|Blister;1;0;0;0
525;Eclissi Suprema;Popolo dell'Aria;Picchiavex;picchiavex_es_prova.png;;;;;;;picchiavex_es.png;retro_es.png;;Bustina Giocheria|Blister;1;0;0;0
526;Eclissi Suprema;Popolo dell'Aria;Rondor;rondor_es_prova.png;;;;;;;rondor_es.png;retro_es.png;;Bustina Giocheria|Blister;1;0;0;0
527;Eclissi Suprema;Popolo dell'Aria;Sirgius;sirgius_es_prova.png;;;;;;;sirgius_es.png;retro_es.png;;Bustina Edicola|Bustina Giocheria|Blister;1;0;0;0
528;Eclissi Suprema;Popolo del Vulcano;Magmion;magmion_es_prova.png;;;;;;;magmion_es.png;retro_es.png;;Bustina Giocheria;1;0;0;0
529;Eclissi Suprema;Popolo del Vulcano;Armageddon;armageddon_es_prova.png;;;;;;;armageddon_es.png;retro_es.png;;Bustina Edicola|Bustina Giocheria;1;0;0;0
530;Eclissi Suprema;Popolo del Vulcano;Ciclops;ciclops_es_prova.png;;;;;;;ciclops_es.png;retro_es.png;;Bustina Giocheria|Blister;1;0;0;0
531;Eclissi Suprema;Popolo del Vulcano;Moloch;moloch_es_prova.png;;;;;;;moloch_es.png;retro_es.png;;Bustina Giocheria|Blister;1;0;0;0
532;Eclissi Suprema;Popolo del Vulcano;Urlo Cieco;urlocieco_es_prova.png;;;;;;;urlocieco_es.png;retro_es.png;;Bustina Edicola|Bustina Giocheria|Blister;1;0;0;0
533;Eclissi Suprema;Popolo del Vulcano;Xiron;xiron_es_prova.png;;;;;;;xiron_es.png;retro_es.png;;Bustina Giocheria|Blister;1;0;0;0
534;Eclissi Suprema;Popolo della Luce;Sommo Luminescente;sommoluminescente_es_prova.png;;;;;;;sommoluminescente_es.png;retro_es.png;;Bustina Edicola|Bustina Giocheria;1;0;0;0
535;Eclissi Suprema;Popolo della Luce;Plasmarei;plasmarei_es_prova.png;;;;;;;plasmarei_es.png;retro_es.png;;Bustina Edicola|Bustina Giocheria;1;0;0;0
536;Eclissi Suprema;Popolo della Luce;Luxor;luxor_es_prova.png;;;;;;;luxor_es.png;retro_es.png;;Altare dell'Eclissi;1;0;0;0
537;Eclissi Suprema;Popolo delle Tenebre;Obscurio;obscurio_es_prova.png;;;;;;;obscurio_es.png;retro_es.png;;Bustina Edicola|Bustina Giocheria;1;0;0;0
538;Eclissi Suprema;Popolo delle Tenebre;Incubuion;incubion_es_prova.png;;;;;;;incubion_es.png;retro_es.png;;Bustina Edicola|Bustina Giocheria;1;0;0;0
539;Eclissi Suprema;Popolo delle Tenebre;Onerion;oneiron_es_prova.png;;;;;;;onerion_es.png;retro_es.png;;Altare dell'Eclissi;1;0;0;0
540;Titanium;Popolo della Terra;Signore della Terra;sigterra_tt_prova.png;;;;;elmo_dorato.PNG;Elmo Dorato;sig_terra_tt.png;retro_tt.png;;Bustina Edicola|Bustina Giocheria;1;0;0;0
541;Titanium;Popolo della Terra;Cinghios;cinghios_tt_prova.png;;;;;manico_inf_macete_roccia.png;Manico inferiore Macete di Roccia;cinghios_tt.png;retro_tt.png;;Bustina Giocheria|Blister;1;0;0;0
542;Titanium;Popolo della Terra;Diamanticon;diamanticon_tt_prova.png;;;;;manico_sup_macete_roccia.png;Manico superiore Macete di Roccia;diamanticon_tt.png;retro_tt.png;;Bustina Giocheria|Blister;1;0;0;0
543;Titanium;Popolo della Terra;Franius;franius_tt_prova.png;;;;;anello_terra.png;Anello del Potere della Terra;franius_tt.png;retro_tt.png;;Bustina Giocheria|Blister;1;0;0;0
544;Titanium;Popolo della Terra;Aerolitex;aerolitex_tt_prova.png;;;;;doblone_terra.PNG;Doblone della Terra;aerolitex_tt.png;retro_tt.png;;Bustina Giocheria|Blister;1;0;0;0
545;Titanium;Popolo della Terra;Mammuth;mammuth_tt_prova.png;;;;;punta_macete_roccia.png;Punta Macete di Roccia;mammuth_tt.png;retro_tt.png;;Bustina Giocheria|Blister;1;0;0;0
546;Titanium;Popolo della Terra;Cefalante;cefalante_tt_prova.png;;;;;;;cefalante_tt.png;retro_tt.png;;Magic Egg;1;0;0;0
547;Titanium;Popolo della Foresta;Signore della Foresta;sigforesta_tt_prova.png;;;;;maschera_magica.PNG;Maschera Magica;sig_foresta_tt.png;retro_tt.png;;Bustina Edicola|Bustina Giocheria;1;0;0;0
548;Titanium;Popolo della Foresta;Neonolmo;neonolmo_tt_prova.png;;;;;anello_foresta.png;Anello del Potere della Foresta;neonolmo_tt.png;retro_tt.png;;Bustina Giocheria|Blister;1;0;0;0
549;Titanium;Popolo della Foresta;Faunus;faunus_tt_prova.png;;;;;anello_aria.png;Anello del Potere dell'Aria;faunus_tt.png;retro_tt.png;;Bustina Giocheria|Blister;1;0;0;0
550;Titanium;Popolo della Foresta;Magigoliere;magigoliere_tt_prova.png;;;;;punta_bastone_incantato.png;Punta Bastone Incantato;magigoliere_tt.png;retro_tt.png;;Bustina Giocheria|Blister;1;0;0;0
551;Titanium;Popolo della Foresta;Megamante;megamante_tt_prova.png;;;;;manico_bastone_incantato.png;Manico Bastone Incantato;megamante_tt.png;retro_tt.png;;Bustina Giocheria|Blister;1;0;0;0
552;Titanium;Popolo della Foresta;Quercus;quercus _tt_prova.png;;;;;doblone_foresta.PNG;Doblone della Foresta;quercus_tt.png;retro_tt.png;;Bustina Giocheria|Blister;1;0;0;0
553;Titanium;Popolo della Foresta;Brancicante;brancicante_tt_prova.png;;;;;;;brancicante_tt.png;retro_tt.png;;Magic Egg;1;0;0;0
554;Titanium;Popolo del Mare;Signore del Mare;sigmare_tt_prova.png;;;;;anello_mare.png;Anello del Potere del Mare;sig_mare_tt.png;retro_tt.png;;Bustina Edicola|Bustina Giocheria;1;0;0;0
555;Titanium;Popolo del Mare;Gorgorribile;gorgorribile_tt_prova.png;;;;;anello_luce.png;Anello del Potere della Luce;gorgorribile_tt.png;retro_tt.png;;Bustina Giocheria|Blister;1;0;0;0
556;Titanium;Popolo del Mare;Iperipnopotamo;iperipnopotamo_tt_prova.png;;;;;punta_tridente_abissi.png;Punta Tridente degli Abissi;iperipnopotamo_tt.png;retro_tt.png;;Bustina Giocheria|Blister;1;0;0;0
557;Titanium;Popolo del Mare;Anfibiante;anfibiante_tt_prova.png;;;;;doblone_mare.PNG;Doblone del Mare;anfibiante_tt.png;retro_tt.png;;Bustina Giocheria|Blister;1;0;0;0
558;Titanium;Popolo del Mare;Sonorcante;sonorcante_tt_prova.png;;;;;manico_tridente_abissi.png;Manico Tridente degli Abissi;sonorcante_tt.png;retro_tt.png;;Bustina Giocheria|Blister;1;0;0;0
559;Titanium;Popolo del Mare;Superstellante;superstellante_tt_prova.png;;;;;maschera_mare.PNG;Maschera del Mare;superstellante_tt.png;retro_tt.png;;Bustina Giocheria|Blister;1;0;0;0
560;Titanium;Popolo del Mare;Birostris;birostris_tt_prova.png;;;;;;;birostris_tt.png;retro_tt.png;;Magic Egg;1;0;0;0
561;Titanium;Popolo dell'Aria;Signore dell'Aria;sigaria_tt_prova.png;;;;;cristallo_jessica.png;Cristallo dei Cieli di Jessica;sig_aria_tt.png;retro_tt.png;;Bustina Edicola|Bustina Giocheria;1;0;0;0
562;Titanium;Popolo dell'Aria;Rebertz;rebertz_tt_prova.png;;;;;doblone_cielo.PNG;Doblone del Cielo;rebertz_tt.png;retro_tt.png;;Bustina Giocheria|Blister;1;0;0;0
563;Titanium;Popolo dell'Aria;Mordiveleno;mordiveleno_tt_prova.png;;;;;cristallo_mordiveleno.png;Cristallo dei Cieli di Mordiveleno;mordiveleno_tt.png;retro_tt.png;;Bustina Giocheria|Blister;1;0;0;0
564;Titanium;Popolo dell'Aria;Picchiatore;picchiatore _tt_prova.png;;;;;cristallo_picchiatore.png;Cristallo dei Cieli di Picchiatore;picchiatore_tt.png;retro_tt.png;;Bustina Giocheria|Blister;1;0;0;0
565;Titanium;Popolo dell'Aria;Velocirondor;velocirondor_tt_prova.png;;;;;cristallo_velocirondor.png;Cristallo dei Cieli di Velocirondor;velocirondor_tt.png;retro_tt.png;;Bustina Giocheria|Blister;1;0;0;0
566;Titanium;Popolo dell'Aria;Strasirgius;strasirgius_tt_prova.png;;;;;cristallo_strasirgius.png;Cristallo dei Cieli di Strasirgius;strasirgius_tt.png;retro_tt.png;;Bustina Giocheria|Blister;1;0;0;0
567;Titanium;Popolo dell'Aria;Graculor;graculor_tt_prova.png;;;;;;;graculor_tt.png;retro_tt.png;;Magic Egg;1;0;0;0
568;Titanium;Popolo del Vulcano;Magmion;magmion_tt_prova.png;;;;;maschera_malefica.PNG;Maschera Malefica;magmion_tt.png;retro_tt.png;;Bustina Giocheria|Blister;1;0;0;0
569;Titanium;Popolo del Vulcano;Armageddon;armageddon_tt_prova.png;;;;;anello_vulcano.png;Anello del Potere del Vulcano;armageddon_tt.png;retro_tt.png;;Bustina Giocheria|Blister;1;0;0;0
570;Titanium;Popolo del Vulcano;Monoculante;monoculante_tt_prova.png;;;;;punta_tridente_fuoco.png;Punta Tridente del Fuoco;monoculante_tt.png;retro_tt.png;;Bustina Giocheria|Blister;1;0;0;0
571;Titanium;Popolo del Vulcano;Megamoloch;megamoloch_tt_prova.png;;;;;doblone_vulcano.PNG;Doblone del Vulcano;megamoloch_tt.png;retro_tt.png;;Bustina Giocheria|Blister;1;0;0;0
572;Titanium;Popolo del Vulcano;Gridoscuro;gridoscuro_tt_prova.png;;;;;anello_tenebre.png;Anello del Potere delle Tenebre;gridoscuro_tt.png;retro_tt.png;;Bustina Giocheria|Blister;1;0;0;0
573;Titanium;Popolo del Vulcano;Exiron;exiron_tt_prova.png;;;;;doblone_vulcano.PNG;Manico Tridente del Fuoco;exiron_tt.png;retro_tt.png;;Bustina Giocheria|Blister;1;0;0;0
574;Titanium;Popolo del Vulcano;Gorkon;gorkon_tt_prova.png;;;;;;;gorkon_tt.png;retro_tt.png;;Magic Egg;1;0;0;0
575;Titanium;Popolo della Luce;Sommo Luminescente;sommoluminescente_tt_prova.png;;;;;centro_scudo_solare.png;Centro Scudo Solare;sommoluminescente_tt.png;retro_tt.png;;Bustina Edicola|Bustina Giocheria;1;0;0;0
576;Titanium;Popolo della Luce;Lamaluce;lamaluce_tt_prova.png;;;;;frammenti_ant_scudo_solare.png;Frammenti anteriori Scudo Solare;lamaluc_tt.png;retro_tt.png;;Bustina Edicola|Bustina Giocheria|Blister;1;0;0;0
577;Titanium;Popolo della Luce;Radius;radius_tt_prova.png;;;;;frammenti_post_scudo_solare.png;Frammenti posteriori Scudo Solare;radius_tt.png;retro_tt.png;;Bustina Edicola|Bustina Giocheria|Blister;1;0;0;0
578;Titanium;Popolo della Luce;Solardrill;solardrill_tt_prova.png;;;;;doblone_luce.PNG;Doblone della Luce;solardrill_tt.png;retro_tt.png;;Bustina Edicola;1;0;0;0
579;Titanium;Popolo della Luce;Illuminator;illuminator_tt_prova.png;;;;;;;illuminator_tt.png;retro_tt.png;;Magic Egg;1;0;0;0
580;Titanium;Popolo delle Tenebre;Obscurio;obscurio_tt_prova.png;;;;;maschera_oscura.PNG;Maschera Oscura;obscurio_tt.png;retro_tt.png;;Bustina Edicola|Bustina Giocheria;1;0;0;0
581;Titanium;Popolo delle Tenebre;Incubonero;incubonero_tt_prova.png;;;;;manico_nero_artiglio.png;Manico Nero Artiglio delle Tenebre;incubonero_tt.png;retro_tt.png;;Bustina Edicola|Bustina Giocheria|Blister;1;0;0;0
582;Titanium;Popolo delle Tenebre;Onirikus;onirikus_tt_prova.png;;;;;punta_nero_artiglio.png;Punta Nero Artiglio delle Tenebre;onirikus_tt.png;retro_tt.png;;Bustina Edicola|Bustina Giocheria|Blister;1;0;0;0
583;Titanium;Popolo delle Tenebre;Ipnoticon;ipnoticon_tt_prova.png;;;;;doblone_tenebre.PNG;Oscuro Doblone delle Tenebre;ipnoticon_tt.png;retro_tt.png;;Bustina Edicola;1;0;0;0
584;Titanium;Popolo delle Tenebre;Sbavion;sbavion_tt_prova.png;;;;;;;sbavion_tt.png;retro_tt.png;;Magic Egg;1;0;0;0
585;Titanium;Popolo della Terra;Diamantes;diamantes_tt_prova.png;;;;;;;diamantes_tt.png;retro_es.png;;Magazine 33;0;0;0;0
586;Titanium;Popolo della Terra;Franaroccia;franaroccia_tt_prova.png;;;;;;;franaroccia_tt.png;retro_es.png;;Magazine 34;0;0;0;0
587;Titanium;Popolo della Foresta;Cornolmo;cornolmo_tt_prova.png;;;;;;;cornolmo_tt.png;retro_es.png;;Magazine New 2;0;0;0;0
588;Titanium;Popolo dell'Aria;Bertz;bertz_tt_prova.png;;;;;;;bertz_tt.png;retro_es.png;;Magazine New 3;0;0;0;0
589;Titanium;Popolo della Terra;Signore della Terra;sigterra_tt_slime_prova.png;;;;;;;;;"IL SIGNORE DELLA TERRA|Il Sommo Luminescente gli ha offerto in dono due strumenti dall’energia straordinaria… Uno sfolgorante Elmo Dorato, che può proteggerlo anche dagli influssi più maligni, e un puntuto Macete di Roccia, in grado di polverizzare ogni cosa!|Quando questo Signore si armaturizza e indossa questi due incredibili accessori, la sua forza si raddoppia rendendolo imbattibile!|La sua potenza è accresciuta anche dalla corazza dorata che lo avvolge quando impugna i regali del Signore della Luce; questo involucro resistentissimo lo rende infatti immune a ogni attacco, permettendogli di aggredire il nemico con il suo pugno che tutto frantuma!";Occhio della Vita della Terra Slime Orb;0;0;0;0
590;Titanium;Popolo della Foresta;Signore della Foresta;sigforesta_tt_slime_prova.png;;;;;;;;;IL SIGNORE DELLA FORESTA|I magici strumenti che il Sommo Luminescente ha creato appositamente per lui risvegliano la forza secolare del bosco: quando si armaturizza indossando Maschera e Bastone della Foresta si ricopre di una splendente corazza dorata e diventa invincibile!|La Maschera Magica gli permette di richiamare a sé tutti gli elementi della Foresta Silente raccogliendo un’enorme potenza, mentre il Bastone Incantato gli consente di lanciare tremende maledizioni contro i nemici. E spezzare questi incantesimi è impossibile perché questo millenario Bastone, donatogli dal Signore della Luce in persona, è stato creato con il legno più antico della Foresta Silente ed è praticamente… indistruttibile!;Occhio della Vita della Foresta Slime Orb;0;0;0;0
591;Titanium;Popolo del Mare;Signore del Mare;sigmare_tt_slime_prova.png;;;;;;;;;IL SIGNORE DEL MARE|Questo eroe che guizza fra le onde di Gorm a una velocità supersonica è sempre pronto a rischiare la vita per salvare il suo Popolo e la sua terra.|Quando si armaturizza indossando la sua corazza dorata e impugnando il Tridente degli Abissi non c’è Gormita che possa reggere il suo confronto!|Dalla sua armatura si sprigiona un’ondata energetica che travolge l’avversario come un maremoto e dal Tridente si generano delle sfere acquatiche che rinchiudono il nemico e lo privano dell’ossigeno.|“Tuffati insieme a me e vieni a scoprire quale dei sette Anelli del Potere nascondo nel fondo degli abissi…”;Occhio della Vita del Mare Slime Orb;0;0;0;0
592;Titanium;Popolo dell'Aria;Signore dell'Aria;sigaria_tt_slime_prova.png;;;;;;;;;IL SIGNORE DELL’ARIA|Il Sommo Luminescente gli ha offerto un dono che racchiude tutta la potenza dei venti, tutta l’energia della volta celeste, tutta l’essenza del Popolo dell’Aria… Si tratta del magnifico Cristallo dei Cieli! Il Signore dell’Aria lo custodirà con forza e determinazione… Ora che è racchiuso tra le sue mani gli permetterà di essere invincibile!|La scia di questo Cristallo ora illumina Gorm anche nella notte più scura perché la sua luce risplende perfino fra le tenebre più dense.|Forte di questo amuleto, le sfere energetiche di Jessica ora sono ancora più devastanti e i suoi occhi hanno assorbito il potere fulminante delle saette.;Occhio della Vita dell'Aria Slime Orb;0;0;0;0
593;Titanium;Popolo del Vulcano;Armageddon;armageddon_tt_slime_prova.png;;;;;;;;;ARMAGEDDON|Da quando Obscurio gli ha donato il Tridente di Fuoco i suoi piani di conquista di Gorm si sono fatti molto più ambiziosi. Questo magico strumento lo ha reso infatti incredibilmente forte infondendogli il potere di controllare l’elemento del fuoco e tutte le altre pericolosissime energie del Monte Vulcano!|Dal suo terribile Tridente fuoriescono fiammeggianti sfere di lava che riducono in cenere qualsiasi nemico anche a grande distanza…|E il suo corpo nasconde un’altra incandescente e pericolosissima sorpresa…|“Indossa anche tu l’Anello del Potere di cui sono il custode e riuscirai a dominare il fuoco e le fiamme come me!”;Occhio della Vita del Vulcano Slime Orb;0;0;0;0
594;Titanium;Popolo della Luce;Sommo Luminescente;sommoluminescente_tt_slime_prova.png;;;;;;;;;IL SOMMO LUMINESCENTE|La potenza della luce lo ha completamente trasformato… Questo fulgido Signore non è mai stato così forte!|La sua spada è diventata una sciabola spessa e affilata, mentre lo Scudo Solare che ha forgiato grazie ai raggi luminosi è ora in grado di proteggerlo da qualsiasi colpo!|“Signori della Natura, da oggi avete un nuovo e valoroso compito: sconfiggere i malvagi Gormiti di Tenebre e Vulcano e custodire con il vostro corpo i preziosi amuleti che vi ho donato, a costo di sacrificare la vostra stessa vita! Questi magici amuleti vi serviranno per comporre i potentissimi strumenti nella mitica battaglia finale!!!”;Occhio della Vita della Luce Slime Orb;0;0;0;0
595;Titanium;Popolo delle Tenebre;Obscurio;obscurio_tt_slime_prova.png;;;;;;;;;OBSCURIO|Si è preparato ad affrontare il Sommo Luminescente e i nuovi Popoli del Bene raccogliendo a sé tutte le forze oscure… Grazie alla crudeltà più spietata ha forgiato il Nero Artiglio delle Tenebre, che racchiude la magia nera in tutte le sue forme.|La sua mazza ferrata allungabile gli serve per proteggere questo nuovo potentissimo strumento, colpendo i nemici con una scarica di punte acuminate e taglienti.|Quando si armaturizza indossando anche la sua Maschera Oscura diventa invincibile! L’occhio situato al centro di questo amuleto gli permette infatti di vedere anche nell’oscurità e di leggere la mente dei suoi nemici prevedendo le loro mosse.;Occhio della Vita delle Tenebre Slime Orb;0;0;0;0
596;Neorganic;Popolo della Terra;Signore della Terra;sigterra_ng_prova.png;;;;;;;placeholder.jpg;;IL SIGNORE DELLA TERRA|Noto dai tempi più remoti per la sua forza devastante, grazie all'avvento di questa nuova era è stato ulteriormente potenziato... Ora il suo corpo è ricoperto da una dura armatura nera e sfolgorante, i suoi possenti piedi sono avvolti da stivali sofisticati e indistruttibili e sul suo petto scintilla il medaglione raffigurante il simbolo della Terra.|Queste nuove qualità lo aiuteranno a sconfiggere i Gormiti del Male, più agguerriti che mai!;Bustina Giocheria;1;0;0;0
597;Neorganic;Popolo della Terra;Signore della Terra Super;sigterra_ng_super_prova.png;;;;;pugno_rigenerante.PNG;Pugno Rigenerante;placeholder.jpg;;IL SIGNORE DELLA TERRA|Il potere della madre Terra fluisce in lui come un impetuoso fiume in piena, lo rende poderoso e invincibile e gli conferisce una potenza mai vista prima! Il suo corpo, già protetto da una robusta armatura naturale, ora è ricoperto da un'ulteriore corazza nera che non può essere scalfita da nessuno strumento! Infine, il suo Pugno Rigenerante è in grado di scatenare violentissimi terremoti e di creare giganteschi crateri che inghiottono anche i Gormiti malvagi più tenaci!;Bustina Edicola;1;0;0;0
598;Neorganic;Popolo della Terra;Frantumante;frantumante_ng_prova.png;;;;;;;placeholder.jpg;;FRANTUMANTE il Martello Battente|Tra i più agili e fulminei aiutanti del Signore della Terra, ha dimostrato la sua fedeltà fermando Magor e i suoi scagnozzi che, grazie a un incantesimo di magia nera, erano riusciti ad aprire un portale che collegava Gorm al nostro pianeta! Lanciando a gran velocità le sue mani martello, Frantumante riuscì infatti a formare dei muri indistruttibili, duri come il cemento, che bloccarono l'avanzata del Male.;Bustina Giocheria|Blister;1;0;0;0
599;Neorganic;Popolo della Terra;Vangor;vangor_ng_prova.png;;;;;;;placeholder.jpg;;"VANGOR lo Scavatore|Sfuggire ai suoi attacchi è impossibile! Può scavare profondi tunnel e sorprendere i nemici anche a grandi distanze e quando li afferra… la sua morsa non lascia scampo... ""Le mie braccia allungabili ti stritoleranno!"". Alla forza affianca il coraggio: insieme ai Signori del Mare e dell’Aria preservò la sacra fiamma della Fortezza di Roccia evitando che questa antica sede del Popolo della Terra soccombesse a un maleficio di Magor.";Bustina Edicola|Bustina Giocheria|Blister;1;0;0;0
600;Neorganic;Popolo della Terra;Cavitus;cavitus_ng_prova.png;;;;;;;cavitus_f_ng.png;cavitus_r_ng.png;;Bustina Giocheria|Blister;1;0;0;0
601;Neorganic;Popolo della Terra;Gorbattente della Roccia 1;gorterra_ng_prova.png;;;;;;;gorterra1_f_ng.png;gorterra1_r_ng.png;;Bustina Giocheria|Blister;1;0;0;0
602;Neorganic;Popolo della Terra;Gorbattente della Roccia 2;gorterra1_ng_prova.png;;;;;;;placeholder.jpg;;"GORBATTENTE DELLA ROCCIA|Per ringraziare questi fedeli alleati e premiarli per il loro coraggio, il Signore della Terra ha donato loro parte della sua forza dirompente! Ora questi combattenti possono quindi affrontare le orde del Male con rinnovato valore e grande determinazione. Quando uniscono le loro forze a quelle dei compagni sono in grado di travolgere e frantumare qualsiasi cosa incontrino sul suo cammino. ""Caricaaa! Fate largo alla potenza devastante della Terra!!!"".";Bustina Giocheria|Blister;1;0;0;0
603;Neorganic;Popolo della Foresta;Signore della Foresta;sigforesta_ng_prova.png;;;;;;;placeholder.jpg;;IL SIGNORE DELLA FORESTA|Il legame con il suo elemento non è mai stato così forte! Adesso questo Signore racchiude l’essenza di tutte le piante!|L’evoluzione è avvenuta… una nera e splendente corazza ricopre il suo corpo e il medaglione d’oro con il simbolo della Foresta è incastonato nel suo petto. Queste nuove sembianze lo hanno potenziato e gli hanno donato un’agilità straordinaria che gli permette di attaccare i nemici su Gorm e… sulla Terra!;Bustina Giocheria;1;0;0;0
604;Neorganic;Popolo della Foresta;Signore della Foresta Super;sigforesta_ng_super_prova.png;;;;;martello_rigenerante.PNG;Martello Rigenerante;placeholder.jpg;;IL SIGNORE DELLA FORESTA|Il potere di tutte le forme di vita vegetale sono la sua forza! Il suo respiro è il vento che scuote le cime degli alberi, e la sua saggezza è l'antica conoscenza della foresta stessa! La nera corazza ricopre il suo corpo, e il Medaglione della Foresta brilla sul suo torace! Il Signore della Foresta non conosce sconfitta, e l'incredibile Martello Rigenerante, in grado di distruggere e sbriciolare qualsiasi cosa, è temuto da tutti Gormiti appartenenti al Popolo del Male!;Bustina Edicola;1;0;0;0
605;Neorganic;Popolo della Foresta;Ederus;ederus_ng_prova.png;;;;;;;placeholder.jpg;;EDERUS il Rampicante|Stregone del Popolo della Foresta, ha il potere di curare tutte le creature verdi con le magiche foglie di edera che ricoprono il suo corpo e che all'occorrenza diventano pericolosissime: espandendosi a dismisura, si attaccano ai nemici, soffocandoli! Assai coraggioso, è famoso per essersi opposto a Magor quando tentò di bruciare i boschi della Terra e di Gorm. Grazie, Ederus, per aver salvato gli alberi del nostro pianeta!;Bustina Edicola|Bustina Giocheria|Blister;1;0;0;0
606;Neorganic;Popolo della Foresta;Cortex;cortex_ng_prova.png;;;;;;;placeholder.jpg;;CORTEX l’Intagliatore|Valoroso aiutante del Signore della Foresta e del suo Popolo, ha sempre combattuto in prima fila, dove le sue sciabole minacciose e taglienti non hanno mai mancato un colpo! Il suo coraggio lo ha reso celebre quando, insieme al Signore della Foresta, ha trovato l'antidoto a un terribile maleficio di Magor che aveva colpito gli alberi del nostro pianeta ricoprendoli di una strana sostanza rossa che li privava di ossigeno.;Bustina Giocheria|Blister;1;0;0;0
607;Neorganic;Popolo della Foresta;Artigliante;artigliante_ng_prova.png;;;;;;;placeholder.jpg;;"ARTIGLIANTE il Laceratore|Grazie ai suoi artigli lunghi e affilati, è riuscito a lacerare il corpo di molti Gormiti del Popolo del Male, difendendosi dai loro attacchi grazie al reticolo di corteccia secolare, resistente a qualsiasi colpo, che protegge il suo petto e le sue membra. ""Prova a colpirmi, e trasformerò il mio infrangibile reticolo corteccioso in una rete robustissima che lancerò contro di te per catturarti! Ahahah!!!"".";Bustina Giocheria|Blister;1;0;0;0
608;Neorganic;Popolo della Foresta;Gorbattente delle Foreste 1;gorforesta1_ng_prova.png;;;;;;;placeholder.jpg;;"GORBATTENTE DELLE FORESTE|Come tanti altri combattenti di Gorm, affiancano il loro Signore pronti a sacrificare la vita pur di aiutare il Popolo della Foresta e i suoi alleati. Agilissimi, si mimetizzano nei boschi diventando invisibili. Questa strategia permette loro di osservare in silenzio i movimenti dei cattivi e di attaccarli di sorpresa al loro primo passo falso: ""Avvicinati ancora un po', malefico Gormita, e farò perdere le tue tracce per sempre!"".";Bustina Giocheria|Blister;1;0;0;0
609;Neorganic;Popolo della Foresta;Gorbattente delle Foreste 2;gorforesta2_ng_prova.png;;;;;;;gorforesta2_f_ng.png;gorforesta2_r_ng.png;;Bustina Giocheria|Blister;1;0;0;0
610;Neorganic;Popolo del Mare;Signore del Mare;sigmare_ng_prova.png;;;;;;;sig_mare_f_ng.png;sig_mare_r_ng.png;;Bustina Giocheria;1;0;0;0
611;Neorganic;Popolo del Mare;Signore del Mare Super;sigmare_ng_super_prova.png;;;;;chela_rigenerante.PNG;Chela Rigenerante;sig_mare_s_f_ng.png;sig_mare_s_r_ng.png;;Bustina Edicola;1;0;0;0
612;Neorganic;Popolo del Mare;Squidus;squidus_ng_prova.png;;;;;;;placeholder.jpg;;"SQUIDUS la Ventosa Marina|Silenzioso e minaccioso, si acquatta nelle profondità del mare di Gorm, pronto a scattare in superficie alla richiesta di aiuto dei suoi compagni. Le potenti ventose che ricoprono i lunghi tentacoli delle sue mani e le membrane della sua bocca sono infatti preziose alleate per afferrare i nemici e stritolarli in una morsa soffocante! ""Le correnti marine ti condurranno a me e qui, fra i miei tentacoli mortali, terminerà il tuo viaggio!!!""";Bustina Giocheria|Blister;1;0;0;0
613;Neorganic;Popolo del Mare;Lamacquatica;lamacquatica_ng_prova.png;;;;;;;lamaquatica_f_ng.png;lamaquatica_r_ng.png;;Bustina Edicola|Bustina Giocheria|Blister;1;0;0;0
614;Neorganic;Popolo del Mare;Balistor;balistor_ng_prova.png;;;;;;;placeholder.jpg;;BALISTOR il Balenante|Quando Magor attaccò il Popolo del Mare causando pericolosissime inondazioni di fiumi e mari, questo eroico Gormita ha affiancato il suo Signore con valore e ha difeso i suoi compagni con onore. Con la sua testa, dura come l’acciaio, attacca infatti i nemici abbattendoli senza pietà, mentre con le sue mani, a forma di enormi cannoni, spara getti d’acqua e sfere d'ossigeno che generano turbini potentissimi che tolgono il respiro.;Bustina Giocheria|Blister;1;0;0;0
615;Neorganic;Popolo del Mare;Gorbattente delle Acque 1;gormare1_ng_prova.png;;;;;;;placeholder.jpg;;GORBATTENTE DELLE ACQUE|Anche il Signore del Mare in caso di bisogno può fare affidamento sugli agili e guizzanti combattenti del Popolo del Mare. Si nascondono tra le alghe e gli scogli degli abissi e ascoltando i flussi della corrente riescono a percepire i pericoli anche a grandi distanze. I loro corpi, rivestiti da dure corazze e provvisti di spalle affilate e taglienti, in acqua riescono a schivare qualsiasi colpo... Che campioni di agilità!;Bustina Giocheria|Blister;1;0;0;0
616;Neorganic;Popolo del Mare;Gorbattente delle Acque 2;gormare2_ng_prova.png;;;;;;;gormare2_f_ng.png;gormare2_r_ng.png;;Bustina Giocheria|Blister;1;0;0;0
617;Neorganic;Popolo dell'Aria;Signore dell'Aria;sigaria_ng_prova.png;;;;;;;sig_aria_f_ng.png;sig_aria_r_ng.png;;Bustina Giocheria;1;0;0;0
618;Neorganic;Popolo dell'Aria;Signore dell'Aria Super;sigaria_ng_super_prova.png;;;;;vortice_rigenerante.PNG;Vortice Rigenerante;placeholder.jpg;;IL SIGNORE DELL’ARIA|Il potere del Signore dell'Aria è aumentato a dismisura! La sua nera corazza lo protegge anche dagli attacchi più letali! Le sfere energetiche e le saette che può lanciare garantiscono la vittoria in qualsiasi combattimento... Ma ciò che lo rende invincibile è il suo letale accessorio: la sua mano può intatti trasformarsi nell'incredibile Vortice Rigenerante, in grado di lanciare piume taglienti e affilate come rasoi! I Gormiti del Male non hanno scampo...;Bustina Edicola;1;0;0;0
619;Neorganic;Popolo dell'Aria;Pikaros;pikaros_ng_prova.png;;;;;;;placeholder.jpg;;PIKAROS|Tra i Gormiti dell’Aria è il più regale. Quando sfreccia nel cielo compie incantevoli acrobazie, ma se osi farlo arrabbiare... sarai colpito dalla sua ira che non perdona! Arroccato sul Picco dell'Aquila, osserva tutto ciò che accade sull'Isola e quando percepisce un pericolo accorre in un batter d’ali. Le sue piume hanno infatti una forma particolare che gli permette di volare a velocità mai sfiorate prima da nessun Gormita!;Bustina Giocheria|Blister;1;0;0;0
620;Neorganic;Popolo dell'Aria;Tidus;tidus_ng_prova.png;;;;;;;tidus_f_ng.png;tidus_r_ng.png;;Bustina Giocheria|Blister;1;0;0;0
621;Neorganic;Popolo dell'Aria;Vultur;vultur_ng_prova.png;;;;;;;vultur_f_ng.png;vultur_r_ng.png;;Bustina Edicola|Bustina Giocheria|Blister;1;0;0;0
622;Neorganic;Popolo dell'Aria;Gorbattente dei Venti 1;goraria1_ng_prova.png;;;;;;;goraria1_f_ng.png;goraria1_r_ng.png;;Bustina Giocheria|Blister;1;0;0;0
623;Neorganic;Popolo dell'Aria;Gorbattente dei Venti 2;goraria2_ng_prova.png;;;;;;;goraria2_f_ng.png;goraria2_r_ng.png;solo retro;Bustina Giocheria|Blister;1;0;0;0
624;Neorganic;Popolo del Male;Obscurio;obscurio_ng_prova.png;;;;;;;obscurio_ng_f.png;obscurio_ng_r.png;;Bustina Edicola|Bustina Giocheria;1;0;0;0
625;Neorganic;Popolo del Male;Magmion;magmion_ng_prova.png;;;;;;;magmion_ng_f.png;magmion_ng_r.png;;Bustina Edicola|Bustina Giocheria;1;0;0;0
626;Neorganic;Popolo del Male;Nefastor;nefastor_ng_prova.png;;;;;;;nefastor_f_ng.png;nefastor_r_ng.png;;Bustina Edicola|Bustina Giocheria|Blister;1;0;0;0
627;Neorganic;Popolo del Male;Metalloide;metalloide_ng_prova.png;;;;;;;metalloide_f_ng.png;metalloide_r_ng.png;;Bustina Giocheria|Blister;1;0;0;0
628;Neorganic;Popolo del Male;Petrolius;petrolius_ng_prova.png;;;;;;;petrolius_f_ng.png;petrolius_r_ng.png;;Bustina Giocheria|Blister;1;0;0;0
629;Neorganic;Popolo del Male;Memeltor;memeltor_ng_prova.png;;;;;;;memeltor_f_ng.png;memeltor_r_ng.png;;Bustina Giocheria|Blister;1;0;0;0
630;Neorganic;Popolo del Male;Fiammelicus;fiammelicus_ng_prova.png;;;;;;;fiammelicus_f_ng.png;fiammelicus_r_ng.png;;Bustina Edicola|Bustina Giocheria|Blister;1;0;0;0
631;Neorganic;Popolo del Male;Gorbattente del Fuoco 1;gorvulcano1_ng_prova.png;;;;;;;gorvulcano1_f_ng.png;gorvulcano1_r_ng.png;;Bustina Giocheria|Blister;1;0;0;0
632;Neorganic;Popolo del Male;Gorbattente del Fuoco 2;gorvulcano2_ng_prova.png;;;;;;;placeholder.jpg;;GORBATTENTE DEL FUOCO|I malvagi Gormiti Fiamma nascono dal piano diabolico di Magor di generare un esercito che dovrà combattere sul nostro pianeta con la missione di annientare i Signori della Natura, permettendogli così di dominare Gorm e la Terra! Questi Gormiti, fatti di fiamme e lava, obbediscono ciecamente al loro Signore e ogni giorno vanno ad accrescere a centinaia le orde del Male… Dobbiamo prepararci ad affrontarli per difendere le nostre città!;Bustina Giocheria|Blister;1;0;0;0
633;Neorganic;Senza Popolo;Vecchio Saggio;vecchiosaggio_ng_prova.png;;;;;;;vecchiosaggio_ng_f.png;vecchiosaggio_ng_r.png;;Bustina Giocheria;1;0;0;0
634;Neorganic;Senza Popolo;Magor;magor_ng_prova.png;;;;;;;magor_ng_f.png;magor_ng_r.png;;Bustina Giocheria;1;0;0;0
635;Neorganic;Popolo della Terra;Signore della Terra;sigterra_ng_x_prova.png;;;;;;;;;IL SIGNORE DELLA TERRA|Noto dai tempi più remoti per la sua forza devastante, grazie all'avvento di questa nuova era è stato ulteriormente potenziato... Ora il suo corpo è ricoperto da una dura armatura nera e sfolgorante, i suoi possenti piedi sono avvolti da stivali sofisticati e indistruttibili e sul suo petto scintilla il medaglione raffigurante il simbolo della Terra.|Queste nuove qualità lo aiuteranno a sconfiggere i Gormiti del Male, più agguerriti che mai!;Snap-X Earth;0;0;0;0
636;Neorganic;Popolo della Foresta;Signore della Foresta;sigforesta_ng_x_prova.png;;;;;;;;;IL SIGNORE DELLA FORESTA|Il legame con il suo elemento non è mai stato così forte! Adesso questo Signore racchiude l’essenza di tutte le piante!|L’evoluzione è avvenuta… una nera e splendente corazza ricopre il suo corpo e il medaglione d’oro con il simbolo della Foresta è incastonato nel suo petto. Queste nuove sembianze lo hanno potenziato e gli hanno donato un’agilità straordinaria che gli permette di attaccare i nemici su Gorm e… sulla Terra!;Snap-X Forest;0;0;0;0
637;Neorganic;Popolo del Male;Magor;magor_ng_x_prova.png;;;;;;;;;MAGOR|Questa entità di fuoco e fiamme, in cui risiede il Male più oscuro, ha creato i Gormiti più malvagi di Gorm. Ora che è in possesso degli Occhi della Vita e ha stabilito il suo quartier generale su un’isola vulcanica della Terra, riuscirà a conquistare Gorm e a invadere il nostro pianeta diventando capo dei due mondi?|Speriamo che i nostri eroi riescano a fermarlo… altrimenti dovrai abituarti all’idea di vedere anche la tua città invasa dal Male!;Snap-X Volcano;0;0;0;0
638;Neorganic;Popolo del Male;Gorbattente del Fuoco 1;gorvulcano1_ng_x_prova.png;;;;;;;;;GORBATTENTE DEL FUOCO|I malvagi Gormiti Fiamma nascono dal piano diabolico di Magor di generare un esercito che dovrà combattere sul nostro pianeta con la missione di annientare i Signori della Natura, permettendogli così di dominare Gorm e la Terra! Questi Gormiti, fatti di fiamme e lava, obbediscono ciecamente al loro Signore e ogni giorno vanno ad accrescere a centinaia le orde del Male… Dobbiamo prepararci ad affrontarli per difendere le nostre città!;Snap-X Volcano;0;0;0;0
639;Morphogenesis;Popolo della Terra;Tellurio;tellurio_mg_prova.png;;;;;;;tellurio_f_mg.png;tellurio_r_mg.png;;Bustina Edicola|Bustina Giocheria;1;0;0;0
640;Morphogenesis;Popolo della Terra;Exalion;exalion_mg_prova.png;;;;;;;exalion_f_mg.png;exalion_r_mg.png;;Bustina Edicola|Bustina Giocheria|Blister;1;0;0;0
641;Morphogenesis;Popolo della Terra;Kubidal;kubidal_mg_prova.png;;;;;;;placeholder.jpg;;"KUBIDAL Il Rocciacubo|È un vero campione della metamorfosi! Il suo corpo può trasformarsi in mille modi diversi, creando invalicabili pareti difensive. Ha infatti la capacità di duplicare, ingrandire ed espandere a suo piacimento i cubi che formano le sue membra dando vita a dei muri di roccia. Durante un assedio è insostituibile! ""Per scavalcare le mie difese c'è un unico modo... Imparare a volare!""";Bustina Giocheria|Blister;1;0;0;0
642;Morphogenesis;Popolo della Terra;Marmur;marmur_mg_prova.png;;;;;;;placeholder.jpg;;MARMUR|Con i corni che ricoprono il suo corpo guida la carica dei Gormiti della Terra sul campo di battaglia. In prima fila in ogni schieramento, riesce sempre a creare una breccia nell’esercito nemico frantumando tutto ciò che incontra sulla sua corsa. Questa carica inarrestabile può essere frontale o laterale: i volti raffiguranti un rinoceronte che ha sulle spalle possono infatti prendere vita e assaltare i nemici.;Bustina Giocheria|Blister;1;0;0;0
643;Morphogenesis;Popolo della Terra;Probox;probox_mg_prova.png;;;;;;;placeholder.jpg;;"PROBOX|Un lungo e profondo barrito echeggia fra i monti di Gorm... è il verso inconfondibile di questo Gormita, che chiama a raccolta tutti i guerrieri del Bene per invitarli alla battaglia! Quando odono il suo richiamo i nostri eroi sanno che un nuovo scontro è vicino! Probox l'affronterà brandendo sul campo le lunghe e affilate zanne che ha al posto delle mani. ""Fatti avanti, se hai il coraggio, e di te resteranno solo brandelli...!""";Bustina Giocheria|Blister;1;0;0;0
644;Morphogenesis;Popolo della Terra;Rotex;rotex_mg_prova.png;;;;;;;placeholder.jpg;;ROTEX il Laceratore|Il suo aspetto poco minaccioso ha tratto in inganno più di un nemico... chi ha osato farlo arrabbiare è stato ridotto a fettine! Le sue mani sono infatti dei dischi rotanti che possono essere lanciati a grande distanza per inseguire gli avversari in fuga. Quando invece i nemici sono tanti Rotex si rannicchia su se stesso e usa la sua testa per prendere velocità e trasformarsi in un ammasso di roccia che può travolgere qualsiasi schieramento.;Bustina Giocheria|Blister;1;0;0;0
645;Morphogenesis;Popolo della Terra;Thalos;thalos_mg_prova.png;;;;;;;placeholder.jpg;;"THALOS il Combattente|È il guerriero più feroce del Popolo della Terra! In attacco ricorda la furia rovinosa di una frana, in difesa è inespugnabile come un picco roccioso. La sua mano ha la forma di una spada affilata, mentre l’elmo che ricopre la sua testa gli permette di proteggersi dai colpi alti e di celare il suo volto. ""Il mio viso è destinato a rimanere nell'ombra... La sua vista sarebbe impossibile da sopportare anche per i miei compagni!""";Bustina Giocheria|Blister;1;0;0;0
646;Morphogenesis;Popolo della Foresta;Selvans;selvans_mg_prova.png;;;;;;;selvans_f_mg.png;selvans_r_mg.png;;Bustina Edicola|Bustina Giocheria;1;0;0;0
647;Morphogenesis;Popolo della Foresta;Brucante;brucante_mg_prova.png;;;;;;;placeholder.jpg;;"BRUCANTE l’Irritante|l suo corpo è formato da centinaia di bruchi voracissimi! La loro insaziabile fame di viscere li spinge a gettarsi all’impazzata sui nemici per entrare nei loro corpi e divorarli dall'interno.|Per facilitare l'attacco di questi esseri disgustosi, Brucante secerne dalla sua bocca un liquido irritante in grado di stordire gli avversari.|""Non appena ti avrò colpito con la mia saliva diventerai il gustoso pranzetto dei miei fedeli amici! Ahahah!!!""";Bustina Giocheria|Blister;1;0;0;0
648;Morphogenesis;Popolo della Foresta;Flexor;flexor_mg_prova.png;;;;;;;placeholder.jpg;;FLEXOR il Frustatore|Le sue braccia allungabili sono perni resistentissimi: puntandole nel terreno e facendo leva su di loro, questo Gormita può darsi una forte spinta e percorrere enormi distanze a grandi balzi. Una strategia infallibile per diventare... inafferrabile! Ma in caso di attacco le sue mani si trasformano in armi letali: afferrano i nemici per stritolarli in una morsa soffocante o per scaraventarli negli oscuri meandri della foresta.;Bustina Giocheria|Blister;1;0;0;0
649;Morphogenesis;Popolo della Foresta;Konnok;konnok_mg_prova.png;;;;;;;placeholder.jpg;;"KONNOK il Cocciuto|Questo Gormita in fase di attacco è formidabile: piega la testa rannicchiandosi su se stesso e rompe le schiere nemiche rimbalzando sui corpi avversari. Ovunque arriva, fa una strage. Poi torna in postazione, pronto a una nuova sfida! ""Fatevi sotto, non vedo l'ora di saltarvi addosso per schiacciarvi come moscerini!!! Schivarmi è impossibile!""";Bustina Giocheria|Blister;1;0;0;0
650;Morphogenesis;Popolo della Foresta;Lotus;lotus_mg_prova.png;;;;;;;placeholder.jpg;;"LOTUS il Guaritore|Questo stregone della Foresta ha il corpo ricoperto da foglie terapeutiche che secernono liquidi magici dalle proprietà curative: alleviano il dolore e cicatrizzano anche le ferite più profonde di tutti i Gormiti del Bene.|Le foglie che ricoprono il suo volto sono invece molto crudeli: se avvolgono la testa dei nemici trasmettono loro tutte le pene e i dolori che sono stati risparmiati ai Popoli alleati!|""Guarisco e tormento, in base al momento e allo schieramento!""";Bustina Giocheria|Blister;1;0;0;0
651;Morphogenesis;Popolo della Foresta;Metaleonte;metaleonte_mg_prova.png;;;;;;;metaleonte_f_mg.png;metaleonte_r_mg.png;;Bustina Edicola|Bustina Giocheria|Blister;1;0;0;0
652;Morphogenesis;Popolo della Foresta;Quercus;quercus_mg_prova.png;;;;;;;placeholder.jpg;;QUERCUS il Giudizioso|Grazie alla sua annosa esperienza in battaglia, ha accumulato una profonda saggezza e consiglia spesso i suoi alleati su come ottenere la vittoria.|La corteccia che si è indurita attorno al suo corpo, divenuta nel tempo una corazza impenetrabile, è un simbolo di sintonia con gli elementi della Natura e permette ai suoi alleati di attingere energia prima di ogni scontro.|Le sue braccia invece possono essere lanciate come grossi proiettili contro i nemici!;Bustina Giocheria|Blister;1;0;0;0
653;Morphogenesis;Popolo del Mare;Eraclion;eraclion_mg_prova.png;;;;;;;eraclion_f_mg.png;eraclion_r_mg.png;;Bustina Edicola|Bustina Giocheria;1;0;0;0
654;Morphogenesis;Popolo del Mare;Alguus;alguus_mg_prova.png;;;;;;;placeholder.jpg;;ALGUUS il Mucchio Algoso|Il suo corpo è composto da un ammasso di alghe velenosissime che all'occorrenza possono anche offrire riparo ai Gormiti del Mare: in caso di bisogno, infatti, i suoi alleati si nascondono sotto questo mucchio algoso per sfuggire ai nemici! Al centro del suo petto si trova una bocca piccola ma letale, in grado di risucchiare gli avversari in un istante. Più numerose sono le sue vittime, più le alghe di questo Gormita diventano lunghe e potenti!;Bustina Giocheria|Blister;1;0;0;0
655;Morphogenesis;Popolo del Mare;Brankius;brankius_mg_prova.png;;;;;;;placeholder.jpg;;"BRANKIUS|Il suo corpo agile è ricoperto da una miriade di branchie che possono prevenire con molto anticipo l’arrivo dei nemici grazie alla loro capacità di percepire suoni e vibrazioni anche a grandi distanze.|Ha le braccia ricoperte da un guscio duro e battendole violentemente fra loro riesce a creare delle onde sonore altamente distruttive che possono frantumare gli avversari!|""Avvicinati e le mie vibrazioni acustiche ti polverizzeranno all'istante!""";Bustina Giocheria|Blister;1;0;0;0
656;Morphogenesis;Popolo del Mare;Hondavagus;hondivagus_mg_prova.png;;;;;;;placeholder.jpg;;"HONDIVAGUS l’Onda Anomala|Grazie alla sua particolare simbiosi con l’elemento acqua, riesce a espandere il suo corpo fino a trasformarsi in un'onda anomala in grado di sovrastare i nemici e travolgerli in pochi istanti. Quanto più è grande la sua rabbia tanto più l'onda che genera è potente e devastante! ""Popolo del Male, sotto il mio impeto i Gormiti che ti appartengono saranno spazzati via come sabbia al vento!""";Bustina Giocheria|Blister;1;0;0;0
657;Morphogenesis;Popolo del Mare;Liskus;liskus_mg_prova.png;;;;;;;liskus_f_mg.png;liskus_r_mg.png;;Bustina Giocheria|Blister;1;0;0;0
658;Morphogenesis;Popolo del Mare;Shogurai;shogurai_mg_prova.png;;;;;;;placeholder.jpg;;"SHOGURAI|Questo esperto conoscitore delle arti di combattimento indossa un'impenetrabile armatura in grado di resistere a qualsiasi colpo e di sopportare temperature altissime. Combattente valoroso e fedele, grazie alla sua esperienza e al suo nobile valore è diventato un punto di riferimento per tutto il Popolo del Mare. Perfino Eraclion chiede sempre il suo consiglio prima di un'importante battaglia. ""Oh valoroso Signore del Mare, sono al Vostro servizio!""";Bustina Giocheria|Blister;1;0;0;0
659;Morphogenesis;Popolo del Mare;Viscidus;viscidus_mg_prova.png;;;;;;;viscidus_f_mg.png;viscidus_r_mg.png;;Bustina Edicola|Bustina Giocheria|Blister;1;0;0;0
660;Morphogenesis;Popolo dell'Aria;Vega;vega_mg_prova.png;;;;;;;vega_f_mg.png;vega_r_mg.png;;Bustina Edicola|Bustina Giocheria;1;0;0;0
661;Morphogenesis;Popolo dell'Aria;Kravox;kravox_mg_prova.png;;;;;;;placeholder.jpg;;KRAVOX la Guida dei Cieli|I cieli di Gorm non hanno segreti per questo Gormita, che ne conosce ogni più piccola nuvola e sa orientarsi ovunque fiutando le correnti. Durante le battaglie questa capacità gli permette di guidare i propri alleati utilizzando le sue ali acuminate come gli aghi di una bussola, sempre diretti verso la Fortezza del Popolo dell'Aria. Con il suo becco adunco, inoltre, può attaccare i nemici e perforare anche le corazze più indistruttibili!;Bustina Giocheria|Blister;1;0;0;0
662;Morphogenesis;Popolo dell'Aria;Mantrix;mantrix_mg_prova.png;;;;;;;placeholder.jpg;;"MANTRIX il Cinico Predatore|Grazie alle sue ali può effettuare voli rapidissimi e silenziosi; questo gli permette di attaccare i nemici all’improvviso e di avere su di loro un vantaggio effetto sorpresa. Dopo averli spaventati aprendo le ali per sembrare più grande, cattura la sua preda immobilizzandola con le sue zampe rapaci e la divora per impossessarsi dei suoi poteri! ""Mmmhhh... Quale sarà fra i Gormiti del Male il mio prossimo spuntino?! Sembrano tutti molto appetitosi... Ahahah!!!""";Bustina Giocheria|Blister;1;0;0;0
663;Morphogenesis;Popolo dell'Aria;Poison;poison_mg_prova.png;;;;;;;placeholder.jpg;;"POISON l’Avvelenatore|I suoi enormi pungiglioni iniettati di veleno sono il terrore dei Gormiti del Male: se conficcati nel corpo, infatti, sprigionano una sostanza micidiale in grado di paralizzare all'istante! Dalla bocca di questo Gormita, inoltre, possono fuoriuscire getti di veleno che formano gigantesche pozzanghere letali... ""Coraggio, vieni a prendermi! Sprofonderai in una delle mie trappole venefiche e il tuo corpo si scioglierà in pochi secondi!""";Bustina Giocheria|Blister;1;0;0;0
664;Morphogenesis;Popolo dell'Aria;Refolus;refolus_mg_prova.png;;;;;;;placeholder.jpg;;REFOLUS il Fascio di Venti|Il suo corpo è formato da tutti i venti di Gorm, tenuti insieme da bende magiche che lui comanda a suo piacimento! In caso di necessità, questo guerriero può sciogliere le sue fasce liberando un arto o anche tutto il corpo in modo da sprigionare violentissimi vortici e tornadi che travolgono i nemici! Le sue bende hanno anche un'altra terribile funzione: possono avvolgersi attorno alla gola degli avversari... soffocandoli!;Bustina Giocheria|Blister;1;0;0;0
665;Morphogenesis;Popolo dell'Aria;Silkor;silkor_mg_prova.png;;;;;;;silkor_f_mg.png;silkor_r_mg.png;;Bustina Edicola|Bustina Giocheria|Blister;1;0;0;0
666;Morphogenesis;Popolo dell'Aria;Vilnius;vilnius_mg_prova.png;;;;;;;placeholder.jpg;;"VILNIUS|Giunto su Gorm da territori estremi seguendo le fredde correnti del Nord, è ora pronto a dare battaglia ai guerrieri del Male! Capace di resistere ai climi più rigidi, riesce a emettere un raggio congelante dal centro del suo petto, punto in cui è raffigurata l’iniziale del suo nome. Questo flusso iberna i nemici all'istante, intrappolandoli in una morsa di ghiaccio perenne! ""Affrontami e ti troverai per sempre avvolto da spesse lastre di ghiaccio!""";Bustina Giocheria|Blister;1;0;0;0
667;Morphogenesis;Popolo del Male;Obscurio;obscurio_mg_prova.png;;;;;;;obscurio_f_mg.png;obscurio_r_mg.png;;Bustina Edicola|Bustina Giocheria;1;0;0;0
668;Morphogenesis;Popolo del Male;Magmion;magmion_mg_prova.png;;;;;;;magmion_f_mg.png;magmion_r_mg.png;;Bustina Edicola|Bustina Giocheria;1;0;0;0
669;Morphogenesis;Popolo del Male;Basaltor;basaltor_mg_prova.png;;;;;;;placeholder.jpg;;BASALTOR|In fase di attacco è una furia scatenata! Con le lame taglienti che ha sulle braccia squarta i nemici senza pietà! Ecco perché Basaltor le mantiene sempre affilatissime arrotandole sui dischi di basalto posti sui suoi arti. Queste pietre circolari, tuttavia, hanno anche uno svantaggio: essendo molto pesanti, lo rendono poco agile sul campo di battaglia. L’unico modo per sconfiggerlo è dunque giocare di destrezza.;Bustina Giocheria|Blister;1;0;0;0
670;Morphogenesis;Popolo del Male;Osmanyus;osmanyus_mg_prova.png;;;;;;;placeholder.jpg;;"OSMANUYS l’Inceneritore|Questo Gormita non può sfruttare l'effetto sorpresa... Il suo odore nauseante, infatti, è percepibile a chilometri di distanza ed è in grado di appestare tutta Gorm! Ben pochi tuttavia sono sopravvissuti a uno scontro con lui: la sua bocca, infatti, ingoia qualsiasi cosa accrescendo il suo potere! ""Se vedete uscire fumo dalla ciminiera che ho sulla testa potete stare tranquilli per un po'... sto digerendo uno dei vostri compagni!""";Bustina Giocheria|Blister;1;0;0;0
671;Morphogenesis;Popolo del Male;Premogar;premogar_mg_prova.png;;;;;;;placeholder.jpg;;"PREMOGAR il Carbone Ardente|Al posto delle braccia ha dei potentissimi lanciafiamme alimentati continuamente dal carbone che lui stesso produce bruciando tutto ciò che lo circonda.|Grazie al potere di combustione riesce inoltre a generare eruzioni dalle sue ginocchia, in modo da liquefare chiunque osi intralciare il suo cammino!|""Il fuoco è mio alleato! Non tentare di fermarmi o sarai dalle fiamme devastato!""";Bustina Giocheria|Blister;1;0;0;0
672;Morphogenesis;Popolo del Male;Porfidius;porfidius_mg_prova.png;;;;;;;porfidius_f_mg.png;porfidius_r_mg.png;;Bustina Edicola;1;0;0;0
673;Morphogenesis;Popolo del Male;Nebolus;nebulus_mg_prova.png;;;;;;;placeholder.jpg;;"NEBOLUS l’Offuscatore|Il suo corpo è un cumulo di ceneri e polveri magmatiche che può diffondere nell’ambiente in modo da offuscare la vista a chiunque osi sfidarlo. Questo gli consente di nascondersi e tendere delle meschine imboscate!|La coltre nera che produce può essere così abbondante da ricoprire ogni cosa, permettendogli di seguire le orme di coloro che tentano di sfuggirgli!|""La tua fuga lascerà sulla cenere tracce inequivocabili... Non hai scampo!""";Bustina Giocheria|Blister;1;0;0;0
674;Morphogenesis;Popolo del Male;Tankoil;tankoil_mg_prova.png;;;;;;;placeholder.jpg;;"TANKOIL il Testa di Latta|Questo Gormita non brilla certo di astuzia, ma la sua testa è ricoperta da una superficie lucente in grado di abbagliare e stordire i nemici rendendoli prede indifese della sua crudeltà.|I suoi arti, completamente cavi, trasportano un olio nero e bituminoso in grado di immobilizzare gli avversari ricoprendoli con uno strato colloso che impedisce ogni movimento!|""Mi sembri proprio impantanato in una brutta faccenda! Ahahah!!!""";Bustina Giocheria|Blister;1;0;0;0
675;Morphogenesis;Popolo del Male;Trappon;trappon_mg_prova.png;;;;;;;trappon_f_mg.png;trappon_r_mg.png;;Bustina Edicola;1;0;0;0
676;Luxion;Tribù della Roccia;Bisamonte;bisamonte_lx_prova.png;;;;;;;placeholder.jpg;;BISAMONTE il Signore della Roccia|“Fate largooo! La mia carica devastante travolgerà chiunque osi ostacolarla!” A questo avvertimento è meglio dare ascolto... scappa!!!|Il coraggio del mastodontico Bisamonte non teme rivali e le sue corna ricurve sono impazienti di conficcarsi nel corpo di un nemico.|Attenzione... sta battendo insieme i pugni per caricarsi di energia e accrescere la sua sete di vittoria. Meglio ritirarsi... presto inizierà un altro assalto!;Bustina Giocheria;1;0;0;0
677;Luxion;Tribù della Roccia;Granellus;granellus_lx_prova.png;;;;;;;placeholder.jpg;;GRANELLUS l’Irritante|I granelli di sabbia che rivestono il suo corpo gli offrono uno straordinario sistema difensivo: appena il nemico li sfiora viene investito da un prurito insopportabile... E mentre l’avversario è tormentato dalla sostanza urticante, questo Gormita lo colpisce con cumuli di sabbia che lo ricoprono trasformandolo in una statua di arena! “Mi basterà un tocco per sgretolarti, ma prima prova a toccarmi tu e scopri quale bella sorpresa ho in serbo per te!”;Bustina Edicola|Bustina Giocheria|Blister;1;0;0;0
678;Luxion;Tribù della Roccia;Marmorius;marmorius_lx_prova.png;;;;;;;placeholder.jpg;;MARMORIUS|Quando esce dalla Globosfera di Potenziamento il suo corpo palpita di una luce pulsante. È in quel momento che la corazza di marmo che lo riveste mostra il suo massimo splendore! Con i pugni può colpire il nemico a distanza, dopo averlo intercettato con la vista a raggi X, che penetra anche la roccia più dura. In caso di bisogno si trasforma in una gigantesca sfera che travolge chiunque osi ostacolarla!;Bustina Giocheria|Blister;1;0;0;0
679;Luxion;Tribù della Roccia;Rozen;rozen_lx_prova.png;;;;;;;placeholder.jpg;;"ROZEN il Cristallo del Deserto|Il suo corpo è composto da un insieme di minerali rarissimi, dotati di proprietà eccezionali, che si trovano solo nelle zone desertiche della Terra. Ogni volta che viene colpito da un nemico, la parte lesionata si sgretola come gesso per riformarsi in pochi secondi! Il suo potere di rigenerazione è sorprendente... Disintegrarlo è impossibile! Anche in fase di attacco lascia “il segno”: le rocce taglienti e affilate che ha sulle braccia affettano chiunque osi sfiorarlo! ""Fatti avanti, e assaggerai le mie lami di pietra!""";Bustina Edicola|Bustina Giocheria|Blister;1;0;0;0
680;Luxion;Tribù della Roccia;Stalagto;stalagto_lx_prova.png;;;;;;;placeholder.jpg;;STALAGTO il Guerriero Puntuto|Generato da pietre antichissime che ricoprivano caverne millenarie, ha la capacità di mimetizzarsi sulle pareti rocciose trasformandosi in un masso appuntito. È così che inganna i nemici e li coglie in fallo con attacchi a sorpresa! Le stalattiti che ricoprono il suo corpo possono essere lanciate con estrema precisione: grazie a infallibili sensori interni, inseguono il bersaglio fino a centrarlo!;Bustina Giocheria|Blister;1;0;0;0
681;Luxion;Tribù della Roccia;Gorbattente della Roccia;gorroccia_lx_prova.png;;;;;;;placeholder.jpg;;GORBATTENTE DELLA ROCCIA|Quando venne costruita la Globosfera di Potenziamento, la sua forza fu di fondamentale importanza per la sua realizzazione. Offrì il suo aiuto senza risparmiarsi e tutt’ora conferma la sua dedizione alla causa del Bene con il suo comportamento leale e coraggioso: in caso di necessità, è in prima fila contro le schiere del Male!;Bustina Giocheria|Blister;1;0;0;0
682;Luxion;Tribù del Bosco;Arboricus;arboricus_lx_prova.png;;;;;;;placeholder.jpg;;ARBORICUS il Signore del Bosco|Quando esce dalla Globosfera di Potenziamento, l’energia che lo avvolge è accecante! È la luce degli alberi, delle piante, delle foglie... Il disco di legno che ha sulla schiena può essere lanciato contro i nemici, per abbattersi su di loro con la precisione di un boomerang, dopodiché... torna dal suo padrone! Questo guscio racchiude anche un paracadute di liane e fronde, provvidenziale in caso di attacco dall’alto!;Bustina Giocheria;1;0;0;0
683;Luxion;Tribù del Bosco;Cactus;cactus_lx_prova.png;;;;;;;placeholder.jpg;;CACTUS il Grassoplante|Conosciuto come “Il Carnivoro”, ha lunghe braccia con cui afferra i nemici per divorarli. Quando avvista una preda si immobilizza prendendo le sembianze di una innocua pianta grassa… ma non appena l’incauto rivale si avvicina... Zac! Il corpo dell’avversario viene avvolto da una morsa che non lascia scampo. Dopo averlo tramortito, Cactus lo assapora lentamente, godendosi il pasto!;Bustina Giocheria|Blister;1;0;0;0
684;Luxion;Tribù del Bosco;Forteceppo;forteceppo_lx_prova.png;;;;;;;placeholder.jpg;;FORTECEPPO|La Globosfera di Potenziamento rigenera le radici secolari che compongono il suo corpo. La sua flessibilità aumenta e gli permette di allungarsi a dismisura fino ad afferrare i nemici a enormi distanze. Prevedere il suo attacco è impossibile perché la sua morsa fatale arriva improvvisamente dal... sottosuolo! “Chiunque osi attaccare un Gormita del Bene dovrà fare i conti con me!”;Bustina Edicola|Bustina Giocheria|Blister;1;0;0;0
685;Luxion;Tribù del Bosco;Palmizio;palmizio_lx_prova.png;;;;;;;placeholder.jpg;;PALMIZIO il Nocivo|Ricoperto da foglie di palma, si mimetizza fra le piante... Scovarlo è impossibile! Il nemico si accorge della sua presenza quando ormai è troppo tardi... questo Gormita lo ha già colpito con una secrezione che lo paralizza in pochi istanti! Solo a questo punto Palmizio si manifesta e intrappola la preda stringendola nella morsa delle sue foglie. L’avversario verrà corroso dall’olio nocivo che il suo corpo secerne.;Bustina Edicola|Bustina Giocheria|Blister;1;0;0;0
686;Luxion;Tribù del Bosco;Rovo;rovo_lx_prova.png;;;;;;;placeholder.jpg;;"ROVO lo Spinoso|Il suo agile corpo è ricoperto da spine che provocano nel nemico ferite che non possono cicatrizzarsi. Grazie alle sue braccia allungabili, crea una rete di rovi che intrappola i nemici in un intrico fatale! Liberarsi da questo labirinto è impossibile: chi osa scalfire le sue membra viene investito da un getto di veleno! ""Avvicinati... Le mie spine non stuzzicano la tua curiosità? Presto stuzzicheranno te...""";Bustina Giocheria|Blister;1;0;0;0
687;Luxion;Tribù del Bosco;Gorbattente del Bosco;gorbosco_lx_prova.png;;;;;;;placeholder.jpg;;"GORBATTENTE DEL BOSCO|Il Signore degli Elementi del Bosco nutre una profonda gratitudine nei confronti di questo guerriero, che in un lontano passato contribuì a costruire la Globosfera di Potenziamento. Accorre in soccorso della sua Tribù ogni volta che è necessario! ""Contate su di me, miei fedeli alleati! Sono sempre al vostro servizio!""";Bustina Giocheria|Blister;1;0;0;0
688;Luxion;Tribù dell'Acqua;Kraken;kraken_lx_prova.png;;;;;;;placeholder.jpg;;KRAKEN il Signore dell’Acqua|Quando esce dalla Globosfera di Potenziamento irradia dal suo corpo un colore fluorescente visibile anche a grandi distanze... Questo è il segnale che la sua Tribù attende per attaccare in massa i nemici! Kraken guida i suoi alleati con agilità, scrutando con la sua vista ipersensoriale gli abissi. Con i tentacoli che si diramano dalla sua schiena è in grado di generare vortici marini dentro i quali stritola i nemici!;Bustina Giocheria;1;0;0;0
689;Luxion;Tribù dell'Acqua;Barrakuda;barrakuda_lx_prova.png;;;;;;;placeholder.jpg;;BARRAKUDA|Se avvisti una pinna a pelo d’acqua... scappa!!! Si tratta di Barrakuda che ha le sembianze di uno squalo e denti aguzzi come quelli di un piranha! Fra i flutti è velocissimo... Tutto merito delle pinne direzionali che ha sulla schiena. Ha il compito di sorvegliare ogni anfratto, per questo non appena la sua energia accenna ad affievolirsi entra nella Globosfera di Potenziamento... Non può permettersi di riposare!;Bustina Edicola|Bustina Giocheria|Blister;1;0;0;0
690;Luxion;Tribù dell'Acqua;Hippobraccius;hippobraccius_lx_prova.png;;;;;;;placeholder.jpg;;HIPPOBRACIUS|Al posto delle braccia ha due micidiali cavallucci marini pronti a staccarsi dal suo corpo per aggredire chiunque osi infastidirlo! Aggraziati ed eleganti, sono in realtà creature feroci dotate di denti affilati.|Ha l’abitudine di vivere in solitudine negli abissi, ma quando bisogna combattere è in prima fila!|“Non avvicinarti o sarò costretto a liberare i guardiani che mi scortano ovunque...”;Bustina Giocheria|Blister;1;0;0;0
691;Luxion;Tribù dell'Acqua;Impetus;impetus_lx_prova.png;;;;;;;placeholder.jpg;;IMPETUS|Il suo corpo è generato dalle correnti marine più impetuose! Questo gli permette di scatenare contro i nemici onde gigantesche e maremoti, a cui è inutile tentare di sfuggire... Prendendo vita dalle correnti marine, questo Gormita è in grado di percepire ogni spostamento che avviene nei mari, nei laghi e nei fiumi. Se qualche malintenzionato si illude di sorprendere alle spalle i Gormiti dell’Acqua… Si sbaglia!;Bustina Edicola|Bustina Giocheria|Blister;1;0;0;0
692;Luxion;Tribù dell'Acqua;Mytiles;mytiles_lx_prova.png;;;;;;;placeholder.jpg;;MYTILES lo Sbriciolatore|Lo chiamano “Lo Sbriciolatore” perché le conchiglie che ha al posto delle mani sono in grado di frantumare qualsiasi cosa.|In difesa è un campione: due valve resistenti proteggono la sua testa e in caso di bisogno può ritrarre collo e gambe all’interno del corpo, così da schivare anche gli attacchi più aggressivi … Una tattica efficace!|“Non vedo l’ora di afferrarti per ridurti in poltiglia... Ah ah ah!!!”;Bustina Giocheria|Blister;1;0;0;0
693;Luxion;Tribù dell'Acqua;Gorbattente dell'Acqua;goracqua_lx_prova.png;;;;;;;placeholder.jpg;;"GORBATTENTE DELL’ACQUA|Prima degli scontri più importanti viene sempre convocato dal suo Signore per sostenere i Gormiti del Bene e... non manca mai a un appello! Pronto ed efficiente, è fiero e orgoglioso di poter essere d’aiuto ai suoi alleati, così come, molti anni or sono, offrì il suo sostegno per costruire la Globosfera di Potenziamento... “A un sol cenno del mio Signore, accorro a proteggere la mia Tribù!""";Bustina Giocheria|Blister;1;0;0;0
694;Luxion;Tribù del Vento;Mystral;mystral_lx_prova.png;;;;;;;placeholder.jpg;;MYSTRAL il Signore del Vento|Le piume che ha sulle braccia e sulla schiena lo ricoprono di un mantello che accresce la sua eleganza. Quando si nasconde sotto questo manto dorato ha il potere di diventare invisibile agli sguardi ostili! Plana maestoso, sfruttando le correnti a suo piacimento grazie alle penne-timone che ha sulla coda... Quando esce dalla Globosfera di Potenziamento la corazza che ricopre il suo possente corpo risplende di una forza invincibile!;Bustina Edicola|Bustina Giocheria;1;0;0;0
695;Luxion;Tribù del Vento;Aduncus;aduncus_lx_prova.png;;;;;;;placeholder.jpg;;ADUNCUS lo Spaccabecco|Fedele aiutante del Signore del Vento, questo Gormita è un feroce combattente! Più volte si è lanciato in picchiata contro le schiere del Male... Ha un coraggio invidiabile! È molto sicuro di sè e della sua forza e raramente è stato sconfitto in combattimento. Quando sfodera le piume taglienti che ha sulle braccia, l'avversario ha una sola possibilità... Ritirarsi! “La Tribù del Vento è la mia famiglia... Chiunque oserà sfidarla dovrà vedersela con me e con le mie lame affilate!”;Bustina Edicola|Bustina Giocheria|Blister;1;0;0;0
696;Luxion;Tribù del Vento;Buferios;buferios_lx_prova.png;;;;;;;placeholder.jpg;;BUFERIOS|È una concentrazione di burrasche, temporali, bufere, che è pronto a scatenare contro chiunque osi sfidare i suoi alleati. È tranquillo e taciturno, ma quando viene provocato si può udire il suo boato di rabbia a chilometri di distanza! La sua voce echeggia nei cieli minacciosa come una tempesta… “Nubi, tuoni, pioggia e vento... condannate i nemici a perenne tormento!”;Bustina Edicola|Bustina Giocheria|Blister;1;0;0;0
697;Luxion;Tribù del Vento;Tornado;tornado_lx_prova.png;;;;;;;placeholder.jpg;;TORNADO il Vorticoso|Il suo corpo è composto da vortici in movimento che può indirizzare contro i nemici! Il suo colpo segreto inizialmente sembra innocuo, ma in seguito si rivela fatale: piccole spire rotanti da lui generate iniziano a girare su se stesse per poi prendere velocità e trasformarsi in trombe d’aria, grandi come montagne e capaci di risucchiare tutto ciò che trovano! “Hai voglia di provare l’ebbrezza del volo?! Vieni con me e ti farò... girare la testa!!!”;Bustina Giocheria|Blister;1;0;0;0
698;Luxion;Tribù del Vento;Saettante;saettante_lx_prova.png;;;;;;;placeholder.jpg;;SAETTANTE|Nelle notti oscure solo lui può soccorrere i Gormiti del Vento! Con i fulmini che riesce a creare dalle mani è infatti in grado di illuminare anche il buio. Ma non è tutto... Queste folgori sono in grado di incenerire qualunque cosa sfiorino! Quando esce dalla Globosfera di Potenziamento, una rete di elettricità lo avvolge e il suo maggiore divertimento è inseguire i Gormiti del Male lanciando contro di loro le sue scariche.;Bustina Giocheria|Blister;1;0;0;0
699;Luxion;Tribù del Vento;Gorbattende del Vento;gorvento_lx_prova.png;;;;;;;placeholder.jpg;;GORBATTENTE DEL VENTO|La Tribù degli Elementi del Vento può contare su un alleato fedele... Si tratta di questo eroico Gorbattente! Ogni volta che se ne è presentata l’occasione è accorso in aiuto del suo Signore con prontezza e solerzia. Il suo contributo, all’origine del tempo, fu apprezzato anche nella costruzione della Globosfera di Potenziamento, a cui donò leggerezza ed eleganza.;Bustina Giocheria|Blister;1;0;0;0
700;Luxion;Tribù del Male;Cerbante;cerbante_lx_prova.png;;;;;;;placeholder.jpg;;CERBANTE il Signore del Male|La sua bruttezza è pari alla sua cattiveria... non ha limiti! Le sue tre teste racchiudono una grande intelligenza che gli permette di escogitare a ogni attacco una nuova strategia…|Quando si arrabbia emette con la sua voce rauca un urlo infernale che echeggia ovunque. In pochi osano contraddirlo e quelli che ci hanno provato non hanno fatto una bella fine…|“All’erta, miei crudeli scagnozzi, ho appena elaborato un nuovo diabolico piano...!”;Bustina Edicola|Bustina Giocheria;1;0;0;0
701;Luxion;Tribù del Male;Oleodoctor;oleodoctor_lx_prova.png;;;;;;;placeholder.jpg;;OLEODOCTOR|Dai giganteschi tubi che ha al posto delle braccia fuoriesce un liquido rugginoso che si attacca al corpo del nemico sfigurandolo con terribili cicatrici! Quando si ricarica nella Globosfera di Potenziamento questa sostanza diventa radioattiva e aumenta a dismisura il suo potere corrosivo. “Non chiedermi cosa si nasconde in fondo ai miei condotti metallici... Non vivresti abbastanza a lungo per raccontarlo!”;Bustina Giocheria|Blister;1;0;0;0
702;Luxion;Tribù del Male;Kompaktator;kompaktator_lx_prova.png;;;;;;;placeholder.jpg;;KOMPAKTATOR|Con il suo corpo gigantesco rade al suolo tutto ciò che incontra riducendolo in frantumi. Non ha pietà per niente e per nessuno: dopo aver compattato il nemico con i giganteschi rulli che ha sulle mani lo frantuma fra le sue mandibole di acciaio e solo quando ha sbriciolato ogni sua parte si dimostra soddisfatto scoppiando in una fragorosa risata. “Quando avrò finito con te, tutto ciò che resterà sarà... polvere!”;Bustina Giocheria|Blister;1;0;0;0
703;Luxion;Tribù del Male;Gazmazk;gazmazk_lx_prova.png;;;;;;;placeholder.jpg;;GAZMAZK l’Asfissiante|Un vero e proprio ordigno a orologeria! Dal suo corpo può emettere gas radioattivi che soffocano il nemico. Per questo il suo volto è ricoperto da una speciale maschera d’ossigeno… il veleno che rilascia sarebbe fatale anche per lui! La sua perfidia non ha limite: tra i Gormiti del Male si distingue per crudeltà. “Non sprecare parole supplicando pietà... Presto ti renderai conto di cosa significhi avermi sfidato...”;Bustina Giocheria|Blister;1;0;0;0
704;Luxion;Tribù del Male;Plastiforme;plastiforme_lx_prova.png;;;;;;;placeholder.jpg;;IL PLASTIFORME|Le bende che avvolgono questo Gormita alla vista di un nemico si staccano prontamente dal corpo per dirigersi sulla preda e... soffocarla! È uno dei guerrieri del Male più crudeli: chi viene aggredito dal suo attacco si sente letteralmente mancare l’aria! “Dove scappi?! Risparmia il fiato per quando ti avrò raggiunto con le mie fasce soffocanti!”;Bustina Giocheria|Blister;1;0;0;0
705;Luxion;Tribù del Male;Gorbattente del Male;gormale_lx_prova.png;;;;;;;placeholder.jpg;;GORBATTENTE DEL MALE|Rintanato negli antri più oscuri o nei crateri più profondi, emerge dal buio solo quando viene convocato dal suo Signore. Risponde all’appello con sollecitudine, perché il suo unico desiderio è quello di vedere le Tribù del Bene sfiancate e annientate... Nei grandi assalti ha dato buona prova di sé, sfoderando una crudeltà inaspettata! “Vivo in attesa del giorno in cui potrò osservare la paura negli occhi dei miei nemici!”;Bustina Giocheria|Blister;1;0;0;0
706;Luxion;Tribù del Male;Cingolo;cingolo_lx_prova.png;;;;;;;placeholder.jpg;;CINGOLO l’Arsenale Vivente|È un vero arsenale vivente! Al posto dei piedi ha cingoli che gli permettono di camminare su qualsiasi terreno, al posto delle braccia missili appuntiti e in cima alla testa un elmo dotato di un cannone di precisione. Il suo petto è cinto di munizioni e sulle spalle ha due laser... Se lo incontri sulla tua strada c’è una sola cosa da fare... scappare!!! “Quale dei miei micidiali strumenti vuoi assaggiare?!?!”;Bustina Edicola;1;0;0;0
707;Luxion;Tribù del Male;Electrowatt;electrowatt_lx_prova.png;;;;;;;placeholder.jpg;;"ELECTROWATT|È un ammasso di spine, cavi e prese elettriche. All’interno del suo corpo è racchiusa un’immensa quantità di energia che è pronto a scaricare contro i nemici, carbonizzandoli! Grazie alle vibrazioni che accumula nella Globosfera di Potenziamento, ha la capacità di emanare delle raffiche molto ravvicinate... Se sei riuscito a scampare alla prima scarica... scappa!!! La seconda non fallirà... “Non vedo l’ora di stringerti fra le mie dita metalliche!!!""";Bustina Edicola;1;0;0;0
708;Luxion;Senza Popolo;Leander;leander_lx_prova.png;;;;;;;placeholder.jpg;;LEANDER|Racchiude l’essenza della Natura e dei suoi elementi! Esiste da sempre e ha l’obiettivo di sconfiggere le forze del Male. Accorso in aiuto dei Signori di Roccia, Acqua, Bosco e Vento, questo valoroso eroe ha concesso alle Tribù del Bene il dono della rigenerazione! Ogni volta che gli alleati di Leander si sentiranno deboli potranno entrare nella Globosfera di Potenziamento per ritrovare energie! “Solo uniti la promessa della vittoria si farà strada nei vostri cuori!”;Globosfera di Potenziamento;1;0;0;0
709;Luxion;Senza Popolo;Drakonius;drakonius_lx_prova.png;;;;;;;placeholder.jpg;;DRAKONIUS|È l’incarnazione del Male! Striscia lasciando dietro di sé morte e desolazione... Richiamato sulla Terra erroneamente dai Signori del Bene, ha l’obiettivo di impadronirsi della Globosfera di Potenziamento per indebolire i Gormiti del Bene fino ad annientarli. È privo di scrupoli... Per raggiungere il suo scopo utilizzerebbe qualsiasi mezzo. Sarà forse per questo che nessuno ha mai osato opporsi alla sua volontà?;Globosfera di Potenziamento;1;0;0;0
710;Nature Unleashed;Popolo della Terra;Lord Agrom;agrom_nu_prova.png;;;;;;;placeholder.jpg;;LORD AGROM|Coraggioso, curioso e tollerante, il giovane Agrom ama il suo popolo, ma è diverso da ogni altro Gormita della Terra: pensa che la chiave per sconfiggere Magor risieda nell'unione di tutte le Tribù di Gorm. Assieme al potere del suo inarrestabile Rock Hammer, Agrom è pronto per guidare gli altri Principi di Gorm in un'epica battaglia degna dei tempi antichi!;Bustina Edicola|Bustina Giocheria;1;0;0;0
711;Nature Unleashed;Popolo della Terra;Gerz;gerz_nu_prova.png;;;;;;;placeholder.jpg;;GERZ|Dove non c'è la forza, ci sia la quantità! Gerz è un particolare Gormita della Terra capace di moltiplicarsi infinite volte, fino a creare ondate di Gerz pronti a scagliarsi sugli incauti avversari! I Signori della Natura hanno provato la temibile forza di un esercito di Gerz, e ancora ne portano i segni! Ma, come tutti gli avversari di Magor, Gerz è pronto ad aiutare i Signori della Natura per il bene dell'intera Isola!;Bustina Giocheria|Blister;1;0;0;0
712;Nature Unleashed;Popolo della Terra;Spero;spero_nu_prova.png;;;;;;;placeholder.jpg;;SPERO|Spero è un Gormita della Terra con un incarico speciale: è il guardiano delle mura di Tirok, invalicabile protezione della Fortezza della Terra. Inoltre, Spero è Guardiano delle Sacre Grotte in cui il Popolo della Terra ha rappresentato la propria storia. Questo fa di lui uno dei Gormiti più legati al passato, i Signori della Natura faranno molta fatica a convincere Spero ad abbandonare le sue convinzioni! Armato di letali artigli di diamante, Spero è letteralmente un osso molto duro per ogni avversario che sia così sconsiderato da toccare le sacre mura della Terra!;Bustina Edicola|Bustina Giocheria|Blister;1;0;0;0
713;Nature Unleashed;Popolo della Terra;Tun Tun;tuntun_nu_prova.png;;;;;;;placeholder.jpg;;TUN TUN|Un Gormita della Terra forte e leale, Tun Tun è sempre in prima linea contro le malvagie armate di Magor! La forza di Tun Tun è leggendaria, e i Signori della Natura sanno di avere un'inarrestabile alleato al loro fianco!;Bustina Giocheria|Blister;1;0;0;0
714;Nature Unleashed;Popolo della Terra;Soldato della Terra;gorterra_nu_prova.png;;;;;;;placeholder.jpg;;SOLDATO DELLA TERRA|I guerrieri del Popolo della Terra sono i più potenti dell'intera Isola di Gorm! Più determianti e resistenti di chiunque altro, i Gormiti della Terra sono letteralmente inamovibili! Come le rocce del loro regno, sono capaci di resistere ai colpi più duri e di restuirli a piena potenza!;Bustina Edicola|Bustina Giocheria|Blister;1;0;0;0
715;Nature Unleashed;Popolo della Foresta;Lord Tasaru;tasaru_nu_prova.png;;;;;;;placeholder.jpg;;LORD TASARU|Il più giovane e il più estroverso dei Principi di Gorm, Tasaru è il coraggioso Signore della Foresta, il guerriero più forte della sua Tribù. L'intero mondo vegetale è ai suoi comandi, i nemici di Tasaru devono combattere contro la natura stessa! Rampicanti e liane per imprigionare, rami e radici per colpire, semi e spine come dardi: il Principe della Foresta è pronto a combattere!;Bustina Edicola|Bustina Giocheria;1;0;0;0
716;Nature Unleashed;Popolo della Foresta;Nuts;nutz_nu_prova.png;;;;;;;placeholder.jpg;;NUTZ|Quando si parla di teste dure, nessuno regge il confronto di Nutz! Simile ad un groviglio di radici su cui poggia un'enorme noce, Nutz è un esperto conoscitore della Foresta e un valido alleato per i Signori della Natura! I suoi poteri speciali gli permettono di creare un'esercito di piccoli Nutz nella sua testa e di lanciarli a mitraglia contro gli avversari! pochi nemici resistono ad un'ondata di teste di legno!;Bustina Edicola|Bustina Giocheria|Blister;1;0;0;0
717;Nature Unleashed;Popolo della Foresta;Groot;groot_nu_prova.png;;;;;;;placeholder.jpg;;GROOT|Groot è uno stranissimo Gormita formato da corteccia, rocce e lunghe e possenti radici. L'aspetto buffo non deve trarre in inganno: pochi nemici sono sfuggiti alla stretta vegetale delle radici di Groot! Potente e veloce nonostante le sue dimensioni, Groot è un valido e leale alleato per i Signori della Natura nella loro lotta contro Magor.;Bustina Giocheria|Blister;1;0;0;0
718;Nature Unleashed;Popolo della Foresta;Burning;burning_nu_prova.png;;;;;;;placeholder.jpg;;BURNING|Burning lasciò il Rifugio della Foresta dopo essere stato maledetto da Magor: il suo aspetto è quello di un legno fossilizzato perennemente in fiamme, incarnazione del terrore per il suo Popolo! È in grado di creare vermi infuocati sulle proprie braccia e lanciarli contro i nemici, seminando una scia di devastazione completamente carbonizzata!;Bustina Giocheria|Blister;1;0;0;0
719;Nature Unleashed;Popolo della Foresta;Soldato della Foresta;gorforesta_nu_prova.png;;;;;;;placeholder.jpg;;SOLDATO DELLA FORESTA|Radicati nel loro enorme Rifugio, i Gormiti della Foresta sono il Popolo di Gorm che più teme l'avanzata di Magor: la loro debolezza naturale è il fuoco, ed il Popolo del Vulcano incarna le loro paure più profonde! Ma Magor non deve cantare vittoria: quando vengono sfidati, i Gormiti della Foresta sfruttano il loro odio per il fuoco contro i loro nemici e collezionano le bruciature sulla corteccia come segni del loro valore!;Bustina Giocheria|Blister;1;0;0;0
720;Nature Unleashed;Popolo del Mare;Lord Piron;piron_nu_prova.png;;;;;;;placeholder.jpg;;LORD PIRON|Riflessivo e pacato, il Principe del Popolo del Mare è il più calmo dei quattro Signori della Natura. Ma, anche se a volte sembra essere timido e impacciato, Lord Piron ha una ferrea volontà che lo porta a combattere il male in ogni sua forma. Come il mare calmo nasconde la tempesta, così l'apparente calma di Piron nasconde il fiero animo di un guerriero pronto a tutto per difendere Gorm!;Bustina Edicola|Bustina Giocheria;1;0;0;0
721;Nature Unleashed;Popolo del Mare;Aqualogue;aqualogue_nu_prova.png;;;;;;;placeholder.jpg;;AQUALOGUE|Questi Gormiti del Mare ricordano dei piccoli bambini, e come tali si comportano: giocano tra le onde, non sono in grado di camminare e fluttuano nel loro elemento! I loro comportamenti sono legati al puro istinto, e questo li rende davvero imprevedibili! I loro poteri speciali permettono agli Aqualogue di lanciare potenti getti d'acqua come geyser, in grado di polverizzare tutto quello che fa paura a questi giovani Gormiti del Mare.;Bustina Edicola|Bustina Giocheria|Blister;1;0;0;0
722;Nature Unleashed;Popolo del Mare;Klaxus;klaxus_nu_prova.png;;;;;;;placeholder.jpg;;KLAXUS|Il terrore dei Mari! Il Klaxus è un gigantesco Gormita del Mare che ricorda un gigantesco crostaceo! Come un granchio, il Klaxus ha due enormi chele al posto delle mani, a memoria di Gormita nessuno è mai riuscito a sfuggire alla sua terribile presa! La sua mole è tale che se non riesce a sconfiggere un avversario, semplicemente...lo mangia!;Bustina Giocheria|Blister;1;0;0;0
723;Nature Unleashed;Popolo del Mare;Vomica;vomica_nu_prova.png;;;;;;;placeholder.jpg;;VOMICA|La tribù più selvaggia del Popolo del Mare, i Vomica ricordano i piranha e come tali si comportano: enormi branchi solcano i mari di Gorm e si avventano contro gli sconsiderati che nuotano nel loro territorio! Nessun avversario ha mai visto un branco di Vomica affamati è tornato per raccontarlo!;Bustina Giocheria|Blister;1;0;0;0
724;Nature Unleashed;Popolo del Mare;Soldato del Mare;gormare_nu_prova.png;;;;;;;placeholder.jpg;;"SOLDATO DEL MARE|I Gormiti del Popolo del Mare sono un fiero popolo che crede nella pace e nella fraternità tra tutte le tribù di Gorm. Ma, così come il mare, la loro calma non deve trarre in inganno: come le onde più tranquille celano i vortici più devastanti, i Gormiti del Mare nascondono sotto la loro pace ""zen"" una furia degna di uno tsunami!";Bustina Giocheria|Blister;1;0;0;0
725;Nature Unleashed;Popolo dell'Aria;Lord Noctis;noctis_nu_prova.png;;;;;;;placeholder.jpg;;LORD NOCTIS|Giovane, forte e sicuro di sé , Lord Noctis è il Signore della Tribù dell'Aria. Armato di una letale spada a due lame Noctis sfrutta la velocità dei venti e la furia delle tempeste per affrontare i suoi nemici! Discendente di una nobile famiglia e figlio di Re Nadar, Noctis è il Principe che meglio conosce i poteri delle Gorm Stone e uno dei più potenti Signori della Natura!;Bustina Edicola|Bustina Giocheria;1;0;0;0
726;Nature Unleashed;Popolo dell'Aria;Hossu;hossu_nu_prova.png;;;;;;;placeholder.jpg;;HOSSU|Hossu è il fiero protettore di Noctis, un Gormita altezzoso ed arrogante che guarda tutti gli altri Popoli dall'alto verso il basso. I suoi poteri gli permettono di controllare le correnti di aria calda, scatenando terribili vortici ustionanti capaci di piegare anche il più valoroso dei nemici! Niente può resistere più di qualche secondo alle sferzanti ondate di calore generate da Hossu!;Bustina Giocheria|Blister;1;0;0;0
727;Nature Unleashed;Popolo dell'Aria;Blart;blart_nu_prova.png;;;;;;;placeholder.jpg;;BLART|Un umile Gormita dell'Aria, Blart è famoso per i suoi problemi…di scarico! Il suo corpo è capace di produrre letali gas tossici e di liberarli contro i nemici ogni volta che Blart è emozionato o in pericolo, praticamente…sempre! Ma non fatevi ingannare: il suo aspetto umile nasconde un animo nobile e pronto al sacrificio per i suoi amici!;Bustina Giocheria|Blister;1;0;0;0
728;Nature Unleashed;Popolo dell'Aria;Nimbyth;nimbyth_nu_prova.png;;;;;;;placeholder.jpg;;NIMBYTH|Il freddo delle vette innevate non potrà mai eguagliare la gelida potenza di Nimbyth! I venti sono sotto il suo controllo, le correnti più fredde sono semplici brezze in confronto alle furiose tempeste di ghiaccio sviluppate da questo inarrestabile Gormita! Ogni nemico che ha osato affrontare il suo potere si è ritrovato con il ghigno congelato in una smorfia di terrore!;Bustina Edicola|Bustina Giocheria|Blister;1;0;0;0
729;Nature Unleashed;Popolo dell'Aria;Soldato dell'Aria;goraria_nu_prova.png;;;;;;;placeholder.jpg;;SOLDATO DELL'ARIA|Al momento purtroppo non è stata ritrovata la sua desrizione presente sul sito nel 2014;Bustina Giocheria|Blister;1;0;0;0
730;Nature Unleashed;Popolo del Vulcano;Firespitter;firespitter_nu_prova.png;;;;;;;placeholder.jpg;;FIRESPITTER|Il più crudele generale di Magor, Firespitter è una vera fornace vivente, armato di una letale falce di lava capace di perforare anche le mura più spesse di Gorm! Fortunatamente per i Signori, la sua crudeltà è pareggiata solo dalla sua stupidità! I Signori spesso riescono a batterlo sfruttando la sua arroganza contro di lui, ma la vittoria è sempre ottenuta a caro prezzo!;Bustina Edicola|Bustina Giocheria|Blister;1;0;0;0
731;Nature Unleashed;Popolo del Vulcano;Sceven;sceven_nu_prova.png;;;;;;;placeholder.jpg;;SCEVEN|Una figura ombrosa che non vuole far sapere a nessuno a quale tribù apparteneva prima di passare al lato oscuro del potere e della follia. Ha immerso il suo corpo nella lava per trasformarsi, ed ora il suo tocco appassisce ed abbatte qualsiasi forma di vita che si trovi tra lui e quello che cerca!;Bustina Giocheria|Blister;1;0;0;0
732;Nature Unleashed;Popolo del Vulcano;Andrall;andrall_nu_prova.png;;;;;;;placeholder.jpg;;ANDRALL|Uno dei consiglieri più infidi di Magor, Andrall accarezza il sogno di diventare il nuovo Signore del Vulcano tradendo il suo padrone! Capace di ingannare anche un Popolo nobile come quello dell'Aria, Andrall è un vero pericolo per i Signori della Natura! I nostri eroi devono ignorare le sue parole o rischiano di trovarsi un contro l'altro!;Bustina Giocheria|Blister;1;0;0;0
733;Nature Unleashed;Popolo del Vulcano;Fume;fume_nu_prova.png;;;;;;;placeholder.jpg;;FUME|Il ninja del Vulcano, Fume è un avversario davvero difficile per i nostri eroi: nessuno è in grado di notarlo se lui non vuole, e nessuno può sentirlo attaccare prima che sia troppo tardi! Capace di svanire in una nube e comparire a metri di distanza, armato di mortali Nunchaku e di stelle ninja fatti di lava, Fume è un vero pericolo mortale sia per i nemici che per gli alleati!;Bustina Edicola|Bustina Giocheria|Blister;1;0;0;0
734;Nature Unleashed;Popolo del Vulcano;Soldato del Vulcano;gorvulcano_nu_prova.png;;;;;;;placeholder.jpg;;SOLDATO DEL VULCANO|Al momento purtroppo non è stata ritrovata la sua desrizione presente sul sito nel 2014;Bustina Giocheria|Blister;1;0;0;0
735;Nature Unleashed;Popolo del Vulcano;Magor;magor_nu_prova.png;;;;;;;placeholder.jpg;;MAGOR|Sconfitto nell'antichità dai precedenti Signori della Natura, Magor è riapparso in questa era per ristabilire il suo Regno di Terrore! Sebbene privo dei poteri delle Gorm Stone, Magor rimane l'incarnazione del terrore per l'intera Gorm. I Signori troveranno pane per i loro denti affamati di battaglie, Magor è pronto a tutto per ritornare al potere!;Bustina Edicola|Bustina Giocheria;1;0;0;0
736;Nature Unleashed;Popolo della Terra;Lord Agrom Armatura di Titanio;agrom_nu_m_prova.png;;;;;;;;;LORD AGROM|Coraggioso, curioso e tollerante, il giovane Agrom ama il suo popolo, ma è diverso da ogni altro Gormita della Terra: pensa che la chiave per sconfiggere Magor risieda nell'unione di tutte le Tribù di Gorm. Assieme al potere del suo inarrestabile Rock Hammer, Agrom è pronto per guidare gli altri Principi di Gorm in un'epica battaglia degna dei tempi antichi!;Magazine New 19;0;0;0;0
737;Nature Unleashed;Popolo del Vulcano;Magor Fiamme della Notte;magor_nu_m_prova.png;;;;;;;;;MAGOR|Sconfitto nell'antichità dai precedenti Signori della Natura, Magor è riapparso in questa era per ristabilire il suo Regno di Terrore! Sebbene privo dei poteri delle Gorm Stone, Magor rimane l'incarnazione del terrore per l'intera Gorm. I Signori troveranno pane per i loro denti affamati di battaglie, Magor è pronto a tutto per ritornare al potere!;Magazine New 20;0;0;0;0
738;Nature Unleashed;Popolo del Mare;Lord Piron Fluido di Cristallo;piron_nu_m_prova.png;;;;;;;;;LORD PIRON|Riflessivo e pacato, il Principe del Popolo del Mare è il più calmo dei quattro Signori della Natura. Ma, anche se a volte sembra essere timido e impacciato, Lord Piron ha una ferrea volontà che lo porta a combattere il male in ogni sua forma. Come il mare calmo nasconde la tempesta, così l'apparente calma di Piron nasconde il fiero animo di un guerriero pronto a tutto per difendere Gorm!;Magazine New 21;0;0;0;0
739;Nature Unleashed;Popolo dell'Aria;Lord Noctis Geolab;noctis_geo_nu.png;;;;;;;;;LORD NOCTIS|Giovane, forte e sicuro di sé , Lord Noctis è il Signore della Tribù dell'Aria. Armato di una letale spada a due lame Noctis sfrutta la velocità dei venti e la furia delle tempeste per affrontare i suoi nemici! Discendente di una nobile famiglia e figlio di Re Nadar, Noctis è il Principe che meglio conosce i poteri delle Gorm Stone e uno dei più potenti Signori della Natura!;Firespitter Geolab 12cm;0;0;0;0
740;Nature Unleashed;Popolo del Vulcano;Firespitter Geolab;firespitter_geo_nu.png;;;;;;;;;FIRESPITTER|Il più crudele generale di Magor, Firespitter è una vera fornace vivente, armato di una letale falce di lava capace di perforare anche le mura più spesse di Gorm! Fortunatamente per i Signori, la sua crudeltà è pareggiata solo dalla sua stupidità! I Signori spesso riescono a batterlo sfruttando la sua arroganza contro di lui, ma la vittoria è sempre ottenuta a caro prezzo!;Lord Piron Geolab 12cm;0;0;0;0
741;Nature Unleashed;Popolo del Vulcano;Sceven Geolab;sceven_geo_nu.png;;;;;;;;;SCEVEN|Una figura ombrosa che non vuole far sapere a nessuno a quale tribù apparteneva prima di passare al lato oscuro del potere e della follia. Ha immerso il suo corpo nella lava per trasformarsi, ed ora il suo tocco appassisce ed abbatte qualsiasi forma di vita che si trovi tra lui e quello che cerca!;Lord Tasaru Geolab 12cm;0;0;0;0
742;Nature Unleashed;Popolo del Vulcano;Andrall Geolab;andrall_geo_nu.png;;;;;;;;;ANDRALL|Uno dei consiglieri più infidi di Magor, Andrall accarezza il sogno di diventare il nuovo Signore del Vulcano tradendo il suo padrone! Capace di ingannare anche un Popolo nobile come quello dell'Aria, Andrall è un vero pericolo per i Signori della Natura! I nostri eroi devono ignorare le sue parole o rischiano di trovarsi un contro l'altro!;Lord Agrom Geolab 12cm;0;0;0;0
743;Nature Unleashed;Popolo della Terra;Lord Agrom Oro;agrom_oro_nu.png;;;;;;;placeholder.jpg;;LORD AGROM|Coraggioso, curioso e tollerante, il giovane Agrom ama il suo popolo, ma è diverso da ogni altro Gormita della Terra: pensa che la chiave per sconfiggere Magor risieda nell'unione di tutte le Tribù di Gorm. Assieme al potere del suo inarrestabile Rock Hammer, Agrom è pronto per guidare gli altri Principi di Gorm in un'epica battaglia degna dei tempi antichi!;Blister Doppio;0;0;0;0
744;Nature Unleashed;Popolo del Vulcano;Firespitter Oro;firespitter_oro_nu.png;;;;;;;placeholder.jpg;;FIRESPITTER|Il più crudele generale di Magor, Firespitter è una vera fornace vivente, armato di una letale falce di lava capace di perforare anche le mura più spesse di Gorm! Fortunatamente per i Signori, la sua crudeltà è pareggiata solo dalla sua stupidità! I Signori spesso riescono a batterlo sfruttando la sua arroganza contro di lui, ma la vittoria è sempre ottenuta a caro prezzo!;Blister Doppio;0;0;0;0
745;Esteri;Popolo della Terra;Gheos;Gheos_usa_prova.png;;;;;;;;;GHEOS, IL SIGNORE DELLA POTENZA|Il Primogenito… Lui “era” quando ancora niente esisteva!|Silenzioso, saggio e riservato.|La sua potenza è la più grande, il suo maglio devastante!;Magnetici Usa;0;0;0;0
746;Esteri;Popolo della Foresta;Tasarau;tasarau_usa_prova.png;;;;;;;;;TASARAU, IL SIGNORE DELLA FORESTA|Secondo a GHEOS per età, ma non per saggezza!|Con le sue possenti braccia afferra..|Con i suoi artigli, distrugge…|Un gigante che non conosce ostacoli.|Si narra che “|…quando si alza il suo urlo lamentoso, i boschi tramano… E un lento frusciare si alza dai rami…”;Magnetici Usa;0;0;0;0
747;Esteri;Popolo del Mare;Poivrons;poivrons_usa_prova.png;;;;;;;;;POIVRONS, IL SIGNORE DEL MARE|Molto suscettibile e permaloso…|I tentacoli della sua testa possono arrivare dovunque e soprattutto stritolare di tutto!|Se lo vedi inizia a correre… e soprattutto, corri veloce!;Magnetici Usa;0;0;0;0
748;Esteri;Popolo dell'Aria;Noctis;noctis_usa_prova.png;;;;;;;;;NOCTIS, IL SIGNORE DEI CIELI|Dall’alto, nell’oscurità… spia, sorveglia e… attacca!|La leggenda narra che nemmeno la luna può sfuggire alla potenza della sua magia!;Magnetici Usa;0;0;0;0
749;Esteri;Popolo del Magma;Magmion;magmion_usa_prova.png;;;;;;;;;MAGMION, IL SIGNORE DEL MALE|Potenza, magia e dimensioni ne fanno il capo indiscusso di Vulcano!|Al pronunciare il suo nome, persino le piante appassiscono…|Inavvicinabile, è sempre difeso dalla sua Magia Nera… Se ti scontri con lui, non andrai lontano: la lama del suo braccio e la sua coda di roccia… ti saranno fatali!;Magnetici Usa;0;0;0;0
750;Esteri;Popolo della Lava;Lavion;lavion_usa_prova.png;;;;;;;;;LAVION, SIGNORE DEL TERRORE|Terribile!… il suo braccio vive di vita propria… Spaventoso nella sua malvagità… anche le rocce s’inchinano a lui e tremano al suo passaggio…;Magnetici Usa;0;0;0;0
751;Esteri;Popolo della Terra;Gheos;gheos_fe_prova.png;;;;;;;;;"GHEOS ATOMIC, IL SIGNORE DELLA TERRA|Nel profondo del suo Regno, Gheos, impara a conoscere la nuova energia di cui il ""vecchio saggio"" lo ha dotato... il silenzio è totale... poi nel tempo di un battito di ciglia, le gemme della caverna s'illuminano di energia pura e misteriosa... Gheos sente che l'energia fluisce nel suo corpo e ne rivitalizza l'antica potenza…|La trasformazione è iniziata... sta rinascendo Gheos Atomic!!!|Un urlo squarcia il silenzio, la terra trema…|La potenza di un terremoto squassa l'Isola di Gorm!|""Tremate nemici la mia potenza è più che mai devastante!!!|Nessuna pietà per chi porta il seme del male nel nostro regno!!!";Magazine estero;0;0;0;0
752;Esteri;Popolo del Mare;Poivrons;poivrons_m_prova.png;;;;;;;;;POIVRONS, IL SIGNORE DEL MALE|Grazie ai nuovi poteri assorbiti nella Fossa degli Spiriti la sua potenza è sempre più impressionante.|I tentacoli della sua testa sono adesso sempre più forti e pericolosi.|Se lo incontri, taci! È un essere molto permaloso e non esiterà a bloccarti fra i suoi tentacoli per stritolarti!;Magazine estero;0;0;0;0
753;Esteri;Popolo dell'Aria;Noctis;noctis_m_prova.png;;;;;;;;;"NOCTIS, IL SIGNORE DEI CIELI|La potenza della sua magia è rinnovata grazie alla nuova alleanza del popolo dell'aria con il terribile Magor.|""Scruta il cielo sopra di te e trema…|Potrei arrivare improvvisamente dall'oscurità e sarebbe l'ultima cosa che vedresti!""";Magazine estero;0;0;0;0
754;Esteri;Popolo della Lava;Lavion;lavion_m_prova.png;;;;;;;;;LAVION, IL SIGNORE DEL TERRORE|Adesso il suo braccio ha una nuova ed invincibile potenza. Ogni abitante dell'Isola di Gorm inizia a tremare al solo percepire la sua presenza…|Stai attento!!! Devi essere sempre pronto a schivare il colpo letale del suo braccio animato…|Fuggi, scappa...potresti essere tu la sua prossima vittima…;Magazine estero;0;0;0;0
755;Elemental Fusion;Oggetto;Mistico Altare;placeholder.jpg;;;;;;;;;;Blister;0;0;0;0
756;Eclissi Suprema;Oggetto;Altare dell'Eclissi;placeholder.jpg;;;;;;;;;;Blister;0;0;0;0
757;Titanium;Oggetto;Macete di Roccia;macete roccia.png;;;;;;;;;;Cinghios|Diamanticon|Mammuth;0;0;0;0
758;Titanium;Oggetto;Bastone Incantato;bastone_incantato.png;;;;;;;;;;Megamante|Magigoliere;0;0;0;0
759;Titanium;Oggetto;Tridente degli Abissi;tridente_abissi.png;;;;;;;;;;Sonorcante|Iperipnopotamo;0;0;0;0
760;Titanium;Oggetto;Tridente del Fuoco;tridente_fuoco.png;;;;;;;;;;Exiron|Monoculante;0;0;0;0
761;Titanium;Oggetto;Scudo Solare;scudo_solare.png;;;;;;;;;;Sommo Luminescente|Lamaluce|Radius;0;0;0;0
762;Titanium;Oggetto;Nero Artiglio delle Tenebre;nero_artiglio_tenebre.png;;;;;;;;;;Incubonero|Onirikus;0;0;0;0
763;Titanium;Oggetto;Elmo d'Orato;elmo_dorato.PNG;;;;;;;;;;Signore della Terra;0;0;0;0
764;Titanium;Oggetto;Maschera Magica;maschera_magica.PNG;;;;;;;;;;Signore della Foresta;0;0;0;0
765;Titanium;Oggetto;Maschera del Mare;maschera_mare.PNG;;;;;;;;;;Superstellante;0;0;0;0
766;Titanium;Oggetto;Maschera Malefica;maschera_malefica.PNG;;;;;;;;;;Magmion;0;0;0;0
767;Titanium;Oggetto;Maschera Oscura;maschera_oscura.PNG;;;;;;;;;;Obscurio;0;0;0;0
768;Titanium;Oggetto;Cristallo dei Cieli di Jessica;cristallo_jessica.png;;;;;;;;;;Signore dell'Aria;0;0;0;0
769;Titanium;Oggetto;Cristallo dei Cieli di Mordiveleno;cristallo_mordiveleno.png;;;;;;;;;;Mordiveleno;0;0;0;0
770;Titanium;Oggetto;Cristallo dei Cieli di Picchiatore;cristallo_picchiatore.png;;;;;;;;;;Picchiatore;0;0;0;0
771;Titanium;Oggetto;Cristallo dei Cieli di Velocirondor;cristallo_velocirondor.png;;;;;;;;;;Velocirondor;0;0;0;0
772;Titanium;Oggetto;Cristallo dei Cieli di Strasirgius;cristallo_strasirgius.png;;;;;;;;;;Strasirgius;0;0;0;0
773;Titanium;Oggetto;Anello del Potere della Terra;anello_terra.png;;;;;;;;;;Franius;0;0;0;0
774;Titanium;Oggetto;Anello del Potere della Foresta;anello_foresta.png;;;;;;;;;;Neonolmo;0;0;0;0
775;Titanium;Oggetto;Anello del Potere dell'Aria;anello_aria.png;;;;;;;;;;Faunus;0;0;0;0
776;Titanium;Oggetto;Anello del Potere del Mare;anello_mare.png;;;;;;;;;;Signore del Mare;0;0;0;0
777;Titanium;Oggetto;Anello del Potere della Luce;anello_luce.png;;;;;;;;;;Gorgorribile;0;0;0;0
778;Titanium;Oggetto;Anello del Potere del Vulcano;anello_vulcano.png;;;;;;;;;;Armageddon;0;0;0;0
779;Titanium;Oggetto;Anello del Potere delle Tenebre;anello_tenebre.png;;;;;;;;;;Gridoscuro;0;0;0;0
780;Titanium;Oggetto;Doblone della Terra;doblone_terra.PNG;;;;;;;;;;Aerolitex;0;0;0;0
781;Titanium;Oggetto;Doblone della Foresta;doblone_foresta.PNG;;;;;;;;;;Quercus;0;0;0;0
782;Titanium;Oggetto;Doblone del Mare;doblone_mare.PNG;;;;;;;;;;Anfibiante;0;0;0;0
783;Titanium;Oggetto;Doblone del Cielo;doblone_cielo.PNG;;;;;;;;;;Rebertz;0;0;0;0
784;Titanium;Oggetto;Doblone del Vulcano;doblone_vulcano.PNG;;;;;;;;;;Megamoloch;0;0;0;0
785;Titanium;Oggetto;Doblone della Luce;doblone_luce.PNG;;;;;;;;;;Solardrill;0;0;0;0
786;Titanium;Oggetto;Oscuro Doblone delle Tenebre;doblone_tenebre.PNG;;;;;;;;;;Ipnoticon;0;0;0;0
787;Titanium;Oggetto;Doblone d'oro;placeholder.jpg;;;;;;;;;Questo doblone poteva essere trovato all'interno di qualsiasi personaggio con sportellino in percentuale molto bassa;Questo doblone poteva essere trovato all'interno di qualsiasi personaggio con sportellino in percentuale molto bassa;0;0;0;0
788;Luxion;Oggetto;Globosfera di Potenziamento;placeholder.jpg;;;;;;;;;;Blister;0;0;0;0
155;Magazine;Magazine;Gheos;gheos_at_prova.png;;;;;;;gheos_at.png;retro_s2.png;;Magazine 1;0;0;0;0
156;Magazine;Magazine;Tasarau;tasarau_at_prova.png;;;;;;;tasarau_at.png;retro_s2.png;;Magazine 2;0;0;0;0
157;Magazine;Magazine;Magmion;magmion_at_prova.png;;;;;;;magmion_at.png;retro_s2.png;;Magazine 3;0;0;0;0
158;Magazine;Magazine;Noctis;noctis_at_prova.png;;;;;;;noctis_at.png;retro_s2.png;;Magazine 4;0;0;0;0
159;Magazine;Magazine;Poivrons;poivrons_at_prova.png;;;;;;;poivrons_at.png;retro_s2.png;;Magazine 5;0;0;0;0
160;Magazine;Magazine;Lavion;lavion_at_prova.png;;;;;;;lavion_at.png;retro_s2.png;;Magazine 6;0;0;0;0
213;Magazine;Magazine;Devilfenix Magazine;devilfenix_m_s3_prova.png;;;;;;;devilfenix_m_s3.png;retro_m_s3.png;;Magazine 10;0;0;0;0
214;Magazine;Magazine;Grandalbero Magazine;grandalbero_m_s3_prova.png;;;;;;;grandalbero_m_s3.png;retro_m_s3.png;;Magazine 11;0;0;0;0
257;Magazine;Magazine;Strappapensieri;strappapensieri_mythos_prova.png;;;;;;;strappapensieri_mythos.png;retro_m_mythos.png;;Magazine 13;0;0;0;0
258;Magazine;Magazine;Pungolo;pungolo_mythos_prova.png;;;;;;;pungolo_mythos.png;retro_m_mythos.png;;Magazine 14;0;0;0;0
259;Magazine;Magazine;Picchiatore;picchiatore_mythos_prova.png;;;;;;;picchiatore_mythos.png;retro_m_mythos.png;;Magazine 15;0;0;0;0
260;Magazine;Magazine;Mantra;mantra_mythos_prova.png;;;;;;;mantra_mythos.png;retro_m_mythos.png;;Magazine 16;0;0;0;0
261;Magazine;Magazine;Schienacciaio;schienacciaio_mythos_prova.png;;;;;;;schienacciaio_mythos.png;retro_m_mythos.png;;Magazine 17;0;0;0;0
262;Magazine;Magazine;Malvagius;malvagius_mythos_prova.png;;;;;;;malvagius_mythos.png;retro_m_mythos.png;;Magazine 18;0;0;0;0
263;Magazine;Magazine;Gravitus;gravitus_mythos_prova.png;;;;;;;gravitus_mythos.png;retro_m_mythos.png;;Magazine 19;0;0;0;0
264;Magazine;Magazine;Mastodontico;mastodontico_mythos_prova.png;;;;;;;mastodontico_mythos.png;retro_m_mythos.png;;Magazine 20;0;0;0;0
307;Magazine;Magazine;Picchiatore Magazine;picchiatore_en_prova.png;;;;;;;picchiatore_m_en.png;retro_m_en.png;;Magazine 8;0;0;0;0
308;Magazine;Magazine;Schienacciaio Magazine;schienacciaio_en_prova.png;;;;;;;schienacciaio_m_en.png;retro_m_en.png;;Magazine 9;0;0;0;0
393;Magazine;Magazine;Medusantica Magazine;medusantica_m_fe_prova.png;;;;;;;medusantica_m_fe.png;retro_m_fe.png;;Magazine 12;0;0;0;0
483;Magazine;Magazine;Rocciatauro;rocciatauro_ef_prova.png;;;;;;;rocciatauro_ef.png;retro_cartoon.png;;Magazine 21;0;0;0;0
484;Magazine;Magazine;Troncannone;troncannone_ef_prova.png;;;;;;;troncannone_ef.png;retro_cartoon.png;;Magazine 22;0;0;0;0
485;Magazine;Magazine;Martello;martello_ef_prova.png;;;;;;;martello_ef.png;retro_cartoon.png;;Magazine 23;0;0;0;0
486;Magazine;Magazine;Magica Vedetta;magicavedetta_ef_prova.png;;;;;;;magicavedetta_ef.png;retro_cartoon.png;;Magazine 24;0;0;0;0
487;Magazine;Magazine;Guardiano Urlante;guardianourlante_ef_prova.png;;;;;;;guardianourlante_ef.png;retro_cartoon.png;;Magazine 25;0;0;0;0
488;Magazine;Magazine;Lanciamassi;lanciamassi_ef_prova.png;;;;;;;lanciamassi_ef.png;retro_cartoon.png;;Magazine 26;0;0;0;0
489;Magazine;Magazine;Frusta Letale;frustaletale_ef_prova.png;;;;;;;frustaletale_ef.png;retro_cartoon.png;;Magazine 27;0;0;0;0
490;Magazine;Magazine;Tartantica;tartantica_ef_prova.png;;;;;;;tartantica_ef.png;retro_cartoon.png;;Magazine 28;0;0;0;0
491;Magazine;Magazine;Dragon;dragon_ef_prova.png;;;;;;;dragon_ef.png;retro_cartoon.png;;Magazine 29;0;0;0;0
492;Magazine;Magazine;Maglio Infuocato;maglioinfuocato_ef_prova.png;;;;;;;maglioinfuocato_ef.png;retro_cartoon.png;;Magazine 30;0;0;0;0
493;Magazine;Magazine;Trematerra;trematerra_ef_prova.png;;;;;;;trematerra_ef.png;retro_cartoon.png;;Magazine 31;0;0;0;0
494;Magazine;Magazine;Sparafuoco;sparafuoco_ef_prova.png;;;;;;;sparafuoco_ef.png;retro_cartoon.png;;Magazine 32;0;0;0;0
585;Magazine;Magazine;Diamantes;diamantes_tt_prova.png;;;;;;;diamantes_tt.png;retro_es.png;;Magazine 33;0;0;0;0
586;Magazine;Magazine;Franaroccia;franaroccia_tt_prova.png;;;;;;;franaroccia_tt.png;retro_es.png;;Magazine 34;0;0;0;0
587;Magazine;Magazine;Cornolmo;cornolmo_tt_prova.png;;;;;;;cornolmo_tt.png;retro_es.png;;Magazine New 2;0;0;0;0
588;Magazine;Magazine;Bertz;bertz_tt_prova.png;;;;;;;bertz_tt.png;retro_es.png;;Magazine New 3;0;0;0;0
736;Magazine;Magazine;Lord Agrom Armatura di Titanio;agrom_nu_m_prova.png;;;;;;;;;LORD AGROM|Coraggioso, curioso e tollerante, il giovane Agrom ama il suo popolo, ma è diverso da ogni altro Gormita della Terra: pensa che la chiave per sconfiggere Magor risieda nell'unione di tutte le Tribù di Gorm. Assieme al potere del suo inarrestabile Rock Hammer, Agrom è pronto per guidare gli altri Principi di Gorm in un'epica battaglia degna dei tempi antichi!;Magazine New 19;0;0;0;0
737;Magazine;Magazine;Magor Fiamme della Notte;magor_nu_m_prova.png;;;;;;;;;MAGOR|Sconfitto nell'antichità dai precedenti Signori della Natura, Magor è riapparso in questa era per ristabilire il suo Regno di Terrore! Sebbene privo dei poteri delle Gorm Stone, Magor rimane l'incarnazione del terrore per l'intera Gorm. I Signori troveranno pane per i loro denti affamati di battaglie, Magor è pronto a tutto per ritornare al potere!;Magazine New 20;0;0;0;0
738;Magazine;Magazine;Lord Piron Fluido di Cristallo;piron_nu_m_prova.png;;;;;;;;;LORD PIRON|Riflessivo e pacato, il Principe del Popolo del Mare è il più calmo dei quattro Signori della Natura. Ma, anche se a volte sembra essere timido e impacciato, Lord Piron ha una ferrea volontà che lo porta a combattere il male in ogni sua forma. Come il mare calmo nasconde la tempesta, così l'apparente calma di Piron nasconde il fiero animo di un guerriero pronto a tutto per difendere Gorm!;Magazine New 21;0;0;0;0
